Datum; Uhrzeit; eCO2 (ppm); tVOC (ppb); Temperatur (Â°C); Luftdruck (hpPa); relative Luftfeuchte (%)
2025-10-20; 02:23:22; 403; 0; 18.46; 994.97953125; 43.595703125
2025-10-20; 02:24:22; 405; 0; 18.45; 994.8885546875; 43.5732421875
2025-10-20; 02:25:22; 402; 0; 18.43; 994.9397265625; 43.5810546875
2025-10-20; 02:26:22; 403; 0; 18.5; 994.9131640625; 43.455078125
2025-10-20; 02:27:22; 400; 0; 18.51; 994.8934375; 43.4228515625
2025-10-20; 02:28:22; 400; 0; 18.45; 994.90828125; 43.583984375
2025-10-20; 02:29:22; 402; 0; 18.46; 994.9048046875; 43.5517578125
2025-10-20; 02:30:22; 407; 1; 18.47; 994.802109375; 43.5302734375
2025-10-20; 02:31:22; 400; 0; 18.56; 994.835; 43.3720703125
2025-10-20; 02:32:22; 400; 0; 18.54; 994.858515625; 43.3369140625
2025-10-20; 02:33:22; 400; 0; 18.53; 994.933515625; 43.28125
2025-10-20; 02:34:22; 400; 0; 18.62; 994.903125; 43.189453125
2025-10-20; 02:35:22; 403; 0; 18.55; 994.88234375; 43.2158203125
2025-10-20; 02:36:22; 403; 0; 18.64; 994.8519140625; 43.1240234375
2025-10-20; 02:37:22; 400; 0; 18.68; 994.888515625; 43.0625
2025-10-20; 02:38:22; 402; 0; 18.64; 994.9269921875; 43.1796875
2025-10-20; 02:39:22; 400; 0; 18.56; 994.8073046875; 43.283203125
2025-10-20; 02:40:22; 400; 0; 18.48; 994.7903515625; 43.474609375
2025-10-20; 02:41:22; 409; 1; 18.49; 994.7865625; 43.41015625
2025-10-20; 02:42:22; 405; 0; 18.73; 994.857421875; 42.98828125
2025-10-20; 02:43:22; 403; 0; 18.74; 994.707578125; 42.9560546875
2025-10-20; 02:44:22; 400; 0; 18.75; 994.778828125; 42.8681640625
2025-10-20; 02:45:22; 402; 0; 18.73; 994.774375; 42.84375
2025-10-20; 02:46:23; 405; 0; 18.65; 994.74921875; 43.0576171875
2025-10-20; 02:47:23; 400; 0; 18.67; 994.7262890625; 43.08203125
2025-10-20; 02:48:23; 403; 0; 18.58; 994.7087890625; 43.2412109375
2025-10-20; 02:49:23; 405; 0; 18.67; 994.7262890625; 43.08203125
2025-10-20; 02:50:23; 413; 1; 18.59; 994.6613671875; 43.1865234375
2025-10-20; 02:51:23; 413; 1; 18.61; 994.7408984375; 43.1982421875
2025-10-20; 02:52:23; 413; 1; 18.73; 994.655703125; 42.966796875
2025-10-20; 02:53:23; 408; 1; 18.81; 994.78359375; 42.7841796875
2025-10-20; 02:54:23; 408; 1; 18.79; 994.7041015625; 42.7060546875
2025-10-20; 02:55:23; 408; 1; 18.82; 994.7441796875; 42.6630859375
2025-10-20; 02:56:23; 415; 2; 18.76; 994.8421484375; 42.7568359375
2025-10-20; 02:57:23; 415; 2; 18.71; 994.8532421875; 42.8525390625
2025-10-20; 02:58:23; 413; 1; 18.67; 994.7619140625; 43.0048828125
2025-10-20; 02:59:23; 418; 2; 18.73; 994.76640625; 43.0439453125
2025-10-20; 03:00:23; 418; 2; 18.7; 994.746328125; 42.9072265625
2025-10-20; 03:01:23; 418; 2; 18.62; 994.7094140625; 43.111328125
2025-10-20; 03:02:23; 423; 3; 18.63; 994.66203125; 43.0888671875
2025-10-20; 03:03:23; 427; 4; 18.65; 994.7571484375; 43.1025390625
2025-10-20; 03:04:23; 427; 4; 18.67; 994.7065625; 43.02734375
2025-10-20; 03:05:23; 423; 3; 18.71; 994.71484375; 42.94140625
2025-10-20; 03:06:23; 423; 3; 18.7; 994.7740234375; 42.91796875
2025-10-20; 03:07:23; 423; 3; 18.71; 994.7345703125; 42.94140625
2025-10-20; 03:08:23; 423; 3; 18.7; 994.698984375; 42.9189453125
2025-10-20; 03:09:23; 418; 2; 18.73; 994.6913671875; 42.93359375
2025-10-20; 03:10:23; 418; 2; 18.76; 994.6563671875; 42.869140625
2025-10-20; 03:11:23; 415; 2; 18.73; 994.7110546875; 42.9775390625
2025-10-20; 03:12:23; 413; 1; 18.67; 994.6235546875; 43.08203125
2025-10-20; 03:13:23; 408; 1; 18.71; 994.6318359375; 43.0078125
2025-10-20; 03:14:23; 405; 0; 18.73; 994.545; 43.033203125
2025-10-20; 03:15:23; 405; 0; 18.86; 994.594296875; 42.7119140625
2025-10-20; 03:16:23; 405; 0; 18.78; 994.4944140625; 42.904296875
2025-10-20; 03:17:23; 408; 1; 18.76; 994.51796875; 42.82421875
2025-10-20; 03:18:23; 413; 1; 18.72; 994.584453125; 42.9423828125
2025-10-20; 03:19:23; 408; 1; 18.82; 994.5306640625; 42.7978515625
2025-10-20; 03:20:23; 408; 1; 18.77; 994.5615234375; 42.802734375
2025-10-20; 03:21:23; 415; 2; 18.79; 994.48265625; 42.75
2025-10-20; 03:22:23; 415; 2; 18.8; 994.4905859375; 42.76171875
2025-10-20; 03:23:23; 413; 1; 18.77; 994.5258984375; 42.84765625
2025-10-20; 03:24:23; 413; 1; 18.81; 994.459375; 42.7294921875
2025-10-20; 03:25:23; 413; 1; 18.84; 994.4991796875; 42.67578125
2025-10-20; 03:26:23; 413; 1; 18.78; 994.4034375; 42.8037109375
2025-10-20; 03:27:23; 408; 1; 18.88; 994.4720703125; 42.6796875
2025-10-20; 03:28:23; 408; 1; 18.9; 994.4762109375; 42.669921875
2025-10-20; 03:29:24; 413; 1; 18.88; 994.4246875; 42.6474609375
2025-10-20; 03:30:24; 408; 1; 18.81; 994.3683984375; 42.728515625
2025-10-20; 03:31:24; 413; 1; 18.8; 994.3521875; 42.76171875
2025-10-20; 03:32:24; 405; 0; 18.82; 994.419921875; 42.697265625
2025-10-20; 03:33:24; 408; 1; 18.77; 994.3677734375; 42.814453125
2025-10-20; 03:34:24; 413; 1; 18.69; 994.426015625; 42.984375
2025-10-20; 03:35:24; 423; 3; 18.65; 994.4171484375; 43.11328125
2025-10-20; 03:36:24; 427; 4; 18.64; 994.3261328125; 43.19140625
2025-10-20; 03:37:24; 423; 3; 18.74; 994.3477734375; 42.9892578125
2025-10-20; 03:38:24; 423; 3; 18.71; 994.20875; 42.974609375
2025-10-20; 03:39:24; 423; 3; 18.8; 994.3244921875; 42.76171875
2025-10-20; 03:40:24; 418; 2; 18.77; 994.229375; 42.9140625
2025-10-20; 03:41:24; 413; 1; 18.85; 994.2936328125; 42.732421875
2025-10-20; 03:42:24; 415; 2; 18.78; 994.2452734375; 42.7822265625
2025-10-20; 03:43:24; 413; 1; 18.87; 994.2146875; 42.7236328125
2025-10-20; 03:44:24; 413; 1; 18.77; 994.276796875; 42.84765625
2025-10-20; 03:45:24; 418; 2; 18.77; 994.19375; 42.9365234375
2025-10-20; 03:46:24; 415; 2; 18.82; 994.1628515625; 42.8408203125
2025-10-20; 03:47:24; 413; 1; 18.79; 994.1978515625; 42.9609375
2025-10-20; 03:48:24; 405; 0; 18.69; 994.176953125; 43.1064453125
2025-10-20; 03:49:24; 400; 0; 18.65; 994.112734375; 43.1796875
2025-10-20; 03:50:24; 400; 0; 18.65; 994.1483203125; 43.2255859375
2025-10-20; 03:51:24; 400; 0; 18.7; 994.062421875; 43.0859375
2025-10-20; 03:52:24; 402; 0; 18.76; 994.0671484375; 42.9677734375
2025-10-20; 03:53:24; 402; 0; 18.75; 994.05125; 43.0458984375
2025-10-20; 03:54:24; 402; 0; 18.66; 993.998515625; 43.2705078125
2025-10-20; 03:55:24; 406; 0; 18.76; 993.9920703125; 42.96875
2025-10-20; 03:56:24; 403; 0; 18.72; 994.0388671875; 43.021484375
2025-10-20; 03:57:24; 403; 0; 18.79; 993.9844140625; 42.97265625
2025-10-20; 03:58:24; 400; 0; 18.77; 994.0; 43.00390625
2025-10-20; 03:59:24; 406; 0; 18.73; 994.019140625; 43.06640625
2025-10-20; 04:00:24; 403; 0; 18.7; 994.0070703125; 43.1083984375
2025-10-20; 04:01:24; 400; 0; 18.77; 993.9802734375; 43.037109375
2025-10-20; 04:02:24; 400; 0; 18.76; 993.93671875; 42.9912109375
2025-10-20; 04:03:24; 403; 0; 18.73; 993.9717578125; 43.111328125
2025-10-20; 04:04:24; 403; 0; 18.77; 994.0; 43.0478515625
2025-10-20; 04:05:24; 402; 0; 18.76; 993.93671875; 43.1806640625
2025-10-20; 04:06:24; 400; 0; 18.82; 993.8860546875; 43.0751953125
2025-10-20; 04:07:24; 400; 0; 18.74; 993.877265625; 43.201171875
2025-10-20; 04:08:24; 402; 0; 18.78; 993.968515625; 43.115234375
2025-10-20; 04:09:24; 406; 0; 18.75; 993.8851953125; 43.1572265625
2025-10-20; 04:10:24; 406; 0; 18.73; 993.8530859375; 43.1337890625
2025-10-20; 04:11:24; 406; 0; 18.67; 993.821015625; 43.283203125
2025-10-20; 04:12:25; 409; 1; 18.67; 993.848671875; 43.271484375
2025-10-20; 04:13:25; 415; 2; 18.77; 993.8339453125; 43.103515625
2025-10-20; 04:14:25; 409; 1; 18.78; 993.802421875; 43.09375
2025-10-20; 04:15:25; 409; 1; 18.7; 993.6749609375; 43.197265625
2025-10-20; 04:16:25; 409; 1; 18.76; 993.735; 43.1689453125
2025-10-20; 04:17:25; 406; 0; 18.83; 993.6884375; 43.0986328125
2025-10-20; 04:18:25; 409; 1; 18.71; 993.7462109375; 43.2529296875
2025-10-20; 04:19:25; 409; 1; 18.71; 993.718515625; 43.1865234375
2025-10-20; 04:20:25; 409; 1; 18.64; 993.6540625; 43.4580078125
2025-10-20; 04:21:25; 409; 1; 18.74; 993.675546875; 43.2109375
2025-10-20; 04:22:25; 406; 0; 18.72; 993.61578125; 43.431640625
2025-10-20; 04:23:25; 402; 0; 18.65; 993.6225390625; 43.4814453125
2025-10-20; 04:24:25; 406; 0; 18.61; 993.578671875; 43.5322265625
2025-10-20; 04:25:25; 409; 1; 18.62; 993.649921875; 43.56640625
2025-10-20; 04:26:25; 402; 0; 18.57; 993.530703125; 43.70703125
2025-10-20; 04:27:25; 402; 0; 18.59; 993.5822265625; 43.708984375
2025-10-20; 04:28:25; 400; 0; 18.55; 993.4633203125; 43.7822265625
2025-10-20; 04:29:25; 402; 0; 18.56; 993.4515234375; 43.75
2025-10-20; 04:30:25; 402; 0; 18.6; 993.5430859375; 43.654296875
2025-10-20; 04:31:25; 402; 0; 18.66; 993.464453125; 43.5927734375
2025-10-20; 04:32:25; 403; 0; 18.66; 993.464453125; 43.5712890625
2025-10-20; 04:33:25; 400; 0; 18.56; 993.431796875; 43.806640625
2025-10-20; 04:34:25; 403; 0; 18.55; 993.3329296875; 43.8056640625
2025-10-20; 04:35:25; 403; 0; 18.5; 993.328203125; 43.9775390625
2025-10-20; 04:36:25; 400; 0; 18.49; 993.3202734375; 43.943359375
2025-10-20; 04:37:25; 403; 0; 18.49; 993.3123046875; 43.9765625
2025-10-20; 04:38:25; 403; 0; 18.51; 993.2690234375; 43.978515625
2025-10-20; 04:39:25; 402; 0; 18.54; 993.2616796875; 43.9384765625
2025-10-20; 04:40:25; 402; 0; 18.52; 993.229609375; 43.8798828125
2025-10-20; 04:41:25; 402; 0; 18.58; 993.15921875; 43.841796875
2025-10-20; 04:42:25; 402; 0; 18.7; 993.149140625; 43.564453125
2025-10-20; 04:43:25; 409; 1; 18.68; 993.1370703125; 43.4951171875
2025-10-20; 04:44:25; 409; 1; 18.74; 993.0943359375; 43.4228515625
2025-10-20; 04:45:25; 406; 0; 18.68; 993.1173828125; 43.5849609375
2025-10-20; 04:46:25; 406; 0; 18.72; 993.2006640625; 43.4208984375
2025-10-20; 04:47:25; 409; 1; 18.81; 993.075390625; 43.3642578125
2025-10-20; 04:48:25; 409; 1; 18.81; 993.075390625; 43.296875
2025-10-20; 04:49:25; 409; 1; 18.74; 993.0943359375; 43.35546875
2025-10-20; 04:50:25; 411; 1; 18.75; 993.09046875; 43.4130859375
2025-10-20; 04:51:25; 418; 2; 18.77; 993.086640625; 43.3701171875
2025-10-20; 04:52:25; 418; 2; 18.7; 993.01078125; 43.51953125
2025-10-20; 04:53:25; 421; 3; 18.69; 993.1055859375; 43.5400390625
2025-10-20; 04:54:25; 421; 3; 18.75; 993.09046875; 43.46875
2025-10-20; 04:55:26; 421; 3; 18.68; 993.1094140625; 43.4833984375
2025-10-20; 04:56:26; 424; 3; 18.66; 993.0852734375; 43.66015625
2025-10-20; 04:57:26; 424; 3; 18.77; 993.0589453125; 43.392578125
2025-10-20; 04:58:26; 427; 4; 18.85; 993.0755859375; 43.2998046875
2025-10-20; 04:59:26; 424; 3; 18.81; 993.1228125; 43.4072265625
2025-10-20; 05:00:26; 424; 3; 18.89; 993.0484765625; 43.13671875
2025-10-20; 05:01:26; 424; 3; 18.83; 993.016171875; 43.2421875
2025-10-20; 05:02:26; 424; 3; 18.82; 993.0912890625; 43.1865234375
2025-10-20; 05:03:26; 427; 4; 18.88; 993.060234375; 43.236328125
2025-10-20; 05:04:26; 427; 4; 18.84; 993.0123046875; 43.1884765625
2025-10-20; 05:05:26; 435; 5; 18.89; 993.0484765625; 43.2373046875
2025-10-20; 05:06:26; 424; 3; 18.86; 993.0163671875; 43.24609375
2025-10-20; 05:07:26; 427; 4; 18.89; 992.9930859375; 43.248046875
2025-10-20; 05:08:26; 65535; 65535; 18.91; 993.005078125; 43.18359375
2025-10-20; 05:09:26; 424; 3; 18.89; 992.9930859375; 43.2373046875
2025-10-20; 05:10:26; 435; 5; 18.91; 992.941796875; 43.1162109375
2025-10-20; 05:11:26; 427; 4; 18.92; 992.93; 43.140625
2025-10-20; 05:12:26; 435; 5; 18.89; 992.9100390625; 43.169921875
2025-10-20; 05:13:26; 439; 5; 18.82; 992.972578125; 43.296875
2025-10-20; 05:14:26; 427; 4; 18.76; 992.9600390625; 43.5361328125
2025-10-20; 05:15:26; 427; 4; 18.66; 992.9469140625; 43.693359375
2025-10-20; 05:16:26; 435; 5; 18.68; 992.8959765625; 43.7294921875
2025-10-20; 05:17:26; 427; 4; 18.73; 992.8290625; 43.6005859375
2025-10-20; 05:18:26; 435; 5; 18.7; 992.81703125; 43.6640625
2025-10-20; 05:19:26; 424; 3; 18.67; 992.7694140625; 43.7939453125
2025-10-20; 05:20:26; 427; 4; 18.63; 992.808046875; 43.7783203125
2025-10-20; 05:21:26; 435; 5; 18.67; 992.7061328125; 43.6708984375
2025-10-20; 05:22:26; 435; 5; 18.74; 992.7978515625; 43.5908203125
2025-10-20; 05:23:26; 435; 5; 18.73; 992.6906640625; 43.6787109375
2025-10-20; 05:24:26; 427; 4; 18.66; 992.6619921875; 43.9384765625
2025-10-20; 05:25:26; 421; 3; 18.63; 992.7329296875; 43.935546875
2025-10-20; 05:26:26; 421; 3; 18.62; 992.66171875; 44.0009765625
2025-10-20; 05:27:26; 418; 2; 18.65; 992.6183984375; 43.9365234375
2025-10-20; 05:28:26; 421; 3; 18.66; 992.6619921875; 43.916015625
2025-10-20; 05:29:26; 411; 1; 18.63; 992.5669140625; 43.96875
2025-10-20; 05:30:26; 411; 1; 18.64; 992.6578515625; 43.98046875
2025-10-20; 05:31:26; 418; 2; 18.75; 992.6199609375; 43.591796875
2025-10-20; 05:32:26; 421; 3; 18.66; 992.6425390625; 43.79296875
2025-10-20; 05:33:26; 421; 3; 18.71; 992.63125; 43.7978515625
2025-10-20; 05:34:26; 421; 3; 18.67; 992.6310546875; 43.8720703125
2025-10-20; 05:35:26; 424; 3; 18.62; 992.6261328125; 43.9111328125
2025-10-20; 05:36:26; 424; 3; 18.66; 992.6619921875; 43.8828125
2025-10-20; 05:37:26; 421; 3; 18.68; 992.7299609375; 43.78515625
2025-10-20; 05:38:27; 424; 3; 18.68; 992.666640625; 43.91796875
2025-10-20; 05:39:27; 424; 3; 18.67; 992.540078125; 43.94921875
2025-10-20; 05:40:27; 424; 3; 18.69; 992.607421875; 43.8740234375
2025-10-20; 05:41:27; 424; 3; 18.68; 992.56390625; 43.9404296875
2025-10-20; 05:42:27; 424; 3; 18.69; 992.579765625; 43.8076171875
2025-10-20; 05:43:27; 418; 2; 18.53; 992.609453125; 44.21484375
2025-10-20; 05:44:27; 418; 2; 18.54; 992.534375; 44.28125
2025-10-20; 05:45:27; 418; 2; 18.5; 992.5258984375; 44.4560546875
2025-10-20; 05:46:27; 418; 2; 18.48; 992.5494921875; 44.38671875
2025-10-20; 05:47:27; 421; 3; 18.52; 992.4826171875; 44.224609375
2025-10-20; 05:48:27; 421; 3; 18.55; 992.439609375; 44.23828125
2025-10-20; 05:49:27; 424; 3; 18.59; 992.455703125; 44.208984375
2025-10-20; 05:50:27; 421; 3; 18.53; 992.463203125; 44.2470703125
2025-10-20; 05:51:27; 421; 3; 18.56; 992.49109375; 44.2734375
2025-10-20; 05:52:27; 424; 3; 18.7; 992.47703125; 43.94140625
2025-10-20; 05:53:27; 424; 3; 18.75; 992.4459765625; 43.7919921875
2025-10-20; 05:54:27; 421; 3; 18.56; 992.4278125; 44.26171875
2025-10-20; 05:55:27; 411; 1; 18.56; 992.3448046875; 44.2392578125
2025-10-20; 05:56:27; 418; 2; 18.57; 992.3330078125; 44.240234375
2025-10-20; 05:57:27; 411; 1; 18.53; 992.26953125; 44.3251953125
2025-10-20; 05:58:27; 411; 1; 18.52; 992.371953125; 44.357421875
2025-10-20; 05:59:27; 411; 1; 18.57; 992.3053515625; 44.3173828125
2025-10-20; 06:00:27; 418; 2; 18.57; 992.3409375; 44.330078125
2025-10-20; 06:01:27; 418; 2; 18.66; 992.227421875; 44.0712890625
2025-10-20; 06:02:27; 418; 2; 18.74; 992.2443359375; 43.845703125
2025-10-20; 06:03:27; 411; 1; 18.67; 992.2159375; 44.083984375
2025-10-20; 06:04:27; 418; 2; 18.73; 992.275546875; 43.845703125
2025-10-20; 06:05:27; 424; 3; 18.63; 992.373203125; 43.9912109375
2025-10-20; 06:06:27; 424; 3; 18.64; 992.27046875; 44.091796875
2025-10-20; 06:07:27; 421; 3; 18.59; 992.2540625; 44.1982421875
2025-10-20; 06:08:27; 418; 2; 18.51; 992.300703125; 44.4677734375
2025-10-20; 06:09:27; 421; 3; 18.54; 992.155; 44.3603515625
2025-10-20; 06:10:27; 424; 3; 18.48; 992.2175; 44.38671875
2025-10-20; 06:11:27; 427; 4; 18.47; 992.2846484375; 44.53125
2025-10-20; 06:12:27; 427; 4; 18.45; 992.2881640625; 44.5068359375
2025-10-20; 06:13:27; 427; 4; 18.51; 992.245390625; 44.412109375
2025-10-20; 06:14:27; 427; 4; 18.59; 992.22640625; 44.33203125
2025-10-20; 06:15:27; 435; 5; 18.55; 992.2262109375; 44.26171875
2025-10-20; 06:16:27; 439; 5; 18.53; 992.166796875; 44.4931640625
2025-10-20; 06:17:27; 427; 4; 18.49; 992.1030078125; 44.3876953125
2025-10-20; 06:18:27; 427; 4; 18.59; 992.2066796875; 44.3544921875
2025-10-20; 06:19:27; 439; 5; 18.57; 992.083984375; 44.2509765625
2025-10-20; 06:20:27; 435; 5; 18.58; 992.08015625; 44.30859375
2025-10-20; 06:21:28; 435; 5; 18.58; 992.182890625; 44.28515625
2025-10-20; 06:22:28; 435; 5; 18.61; 992.2584765625; 44.22265625
2025-10-20; 06:23:28; 435; 5; 18.76; 992.074375; 43.9697265625
2025-10-20; 06:24:28; 435; 5; 18.74; 992.07828125; 43.82421875
2025-10-20; 06:25:28; 439; 5; 18.77; 992.01515625; 43.8603515625
2025-10-20; 06:26:28; 439; 5; 18.66; 992.06140625; 44.0712890625
2025-10-20; 06:27:28; 439; 5; 18.66; 991.9978515625; 44.048828125
2025-10-20; 06:28:28; 439; 5; 18.7; 992.0342578125; 44.0087890625
2025-10-20; 06:29:28; 439; 5; 18.61; 992.037109375; 44.2001953125
2025-10-20; 06:30:28; 439; 5; 18.73; 991.9790625; 44.01171875
2025-10-20; 06:31:28; 439; 5; 18.72; 991.990859375; 43.966796875
2025-10-20; 06:32:28; 439; 5; 18.71; 991.891953125; 43.8642578125
2025-10-20; 06:33:28; 442; 6; 18.64; 991.9740234375; 44.1474609375
2025-10-20; 06:34:28; 439; 5; 18.57; 991.95359375; 44.2744140625
2025-10-20; 06:35:28; 442; 6; 18.58; 991.9615234375; 44.28515625
2025-10-20; 06:36:28; 442; 6; 18.63; 992.013515625; 44.3017578125
2025-10-20; 06:37:28; 439; 5; 18.78; 991.967734375; 43.9501953125
2025-10-20; 06:38:28; 442; 6; 18.78; 991.9480078125; 43.849609375
2025-10-20; 06:39:28; 442; 6; 18.7; 991.8958984375; 43.9970703125
2025-10-20; 06:40:28; 439; 5; 18.74; 991.8845703125; 43.935546875
2025-10-20; 06:41:28; 442; 6; 18.67; 991.828515625; 43.9833984375
2025-10-20; 06:42:28; 439; 5; 18.7; 991.868203125; 44.130859375
2025-10-20; 06:43:28; 439; 5; 18.65; 991.84359375; 44.2470703125
2025-10-20; 06:44:28; 439; 5; 18.66; 991.8594921875; 44.126953125
2025-10-20; 06:45:28; 435; 5; 18.67; 991.7929296875; 44.048828125
2025-10-20; 06:46:28; 442; 6; 18.65; 991.78828125; 44.1025390625
2025-10-20; 06:47:28; 446; 7; 18.62; 991.8039453125; 44.2236328125
2025-10-20; 06:48:28; 446; 7; 18.75; 991.7817578125; 43.947265625
2025-10-20; 06:49:28; 450; 7; 18.75; 991.7896875; 43.9248046875
2025-10-20; 06:50:28; 450; 7; 18.74; 991.710546875; 43.9453125
2025-10-20; 06:51:28; 450; 7; 18.71; 991.7259375; 43.9091796875
2025-10-20; 06:52:28; 450; 7; 18.72; 991.7694921875; 44.0556640625
2025-10-20; 06:53:28; 446; 7; 18.73; 991.7576953125; 43.9560546875
2025-10-20; 06:54:28; 446; 7; 18.65; 991.7131640625; 44.1708984375
2025-10-20; 06:55:28; 446; 7; 18.72; 991.714140625; 44.078125
2025-10-20; 06:56:28; 450; 7; 18.69; 991.6665234375; 44.1298828125
2025-10-20; 06:57:28; 450; 7; 18.71; 991.66265625; 44.03125
2025-10-20; 06:58:28; 455; 8; 18.71; 991.642890625; 44.0205078125
2025-10-20; 06:59:28; 450; 7; 18.71; 991.642890625; 44.009765625
2025-10-20; 07:00:28; 446; 7; 18.71; 991.615234375; 44.03125
2025-10-20; 07:01:28; 450; 7; 18.7; 991.5637890625; 44.1865234375
2025-10-20; 07:02:28; 450; 7; 18.6; 991.523203125; 44.232421875
2025-10-20; 07:03:28; 455; 8; 18.7; 991.57171875; 44.109375
2025-10-20; 07:04:29; 455; 8; 18.68; 991.5953515625; 44.1630859375
2025-10-20; 07:05:29; 455; 8; 18.7; 991.5084375; 43.986328125
2025-10-20; 07:06:29; 455; 8; 18.76; 991.556484375; 44.037109375
2025-10-20; 07:07:29; 459; 8; 18.79; 991.5763671875; 43.8291015625
2025-10-20; 07:08:29; 465; 9; 18.8; 991.56484375; 43.7958984375
2025-10-20; 07:09:29; 472; 10; 18.75; 991.4852734375; 43.98046875
2025-10-20; 07:10:29; 450; 7; 18.56; 991.5978125; 44.4833984375
2025-10-20; 07:11:29; 455; 8; 18.61; 991.558828125; 44.388671875
2025-10-20; 07:12:29; 455; 8; 18.64; 991.586640625; 44.4140625
2025-10-20; 07:13:29; 455; 8; 18.75; 991.6236328125; 44.125
2025-10-20; 07:14:29; 446; 7; 18.67; 991.54390625; 44.205078125
2025-10-20; 07:15:29; 450; 7; 18.69; 991.555859375; 44.2412109375
2025-10-20; 07:16:29; 455; 8; 18.65; 991.6025; 44.3154296875
2025-10-20; 07:17:29; 450; 7; 18.62; 991.499609375; 44.3564453125
2025-10-20; 07:18:29; 455; 8; 18.74; 991.4694140625; 44.2021484375
2025-10-20; 07:19:29; 459; 8; 18.77; 991.489296875; 44.060546875
2025-10-20; 07:20:29; 455; 8; 18.73; 991.5639453125; 44.0791015625
2025-10-20; 07:21:29; 455; 8; 18.66; 991.4720703125; 44.271484375
2025-10-20; 07:22:29; 455; 8; 18.62; 991.519296875; 44.4560546875
2025-10-20; 07:23:29; 455; 8; 18.67; 991.460859375; 44.349609375
2025-10-20; 07:24:29; 455; 8; 18.68; 991.4293359375; 44.21875
2025-10-20; 07:25:29; 455; 8; 18.77; 991.4537109375; 44.1044921875
2025-10-20; 07:26:29; 455; 8; 18.69; 991.4372265625; 44.2744140625
2025-10-20; 07:27:29; 455; 8; 18.59; 991.431953125; 44.4541015625
2025-10-20; 07:28:29; 450; 7; 18.67; 991.405546875; 44.349609375
2025-10-20; 07:29:29; 455; 8; 18.69; 991.4175; 44.3525390625
2025-10-20; 07:30:29; 455; 8; 18.66; 991.4444140625; 44.3720703125
2025-10-20; 07:31:29; 459; 8; 18.61; 991.448125; 44.3662109375
2025-10-20; 07:32:29; 463; 9; 18.8; 991.39875; 44.0634765625
2025-10-20; 07:33:29; 459; 8; 18.75; 991.47734375; 44.26953125
2025-10-20; 07:34:29; 459; 8; 18.78; 991.41421875; 44.1611328125
2025-10-20; 07:35:29; 459; 8; 18.74; 991.4140625; 44.19140625
2025-10-20; 07:36:29; 459; 8; 18.69; 991.3898046875; 44.21875
2025-10-20; 07:37:29; 459; 8; 18.67; 991.4134375; 44.4619140625
2025-10-20; 07:38:29; 455; 8; 18.55; 991.3882421875; 44.7275390625
2025-10-20; 07:39:29; 455; 8; 18.55; 991.4159375; 44.5380859375
2025-10-20; 07:40:29; 459; 8; 18.58; 991.3805078125; 44.6416015625
2025-10-20; 07:41:29; 463; 9; 18.59; 991.376640625; 44.54296875
2025-10-20; 07:42:29; 459; 8; 18.58; 991.4081640625; 44.6630859375
2025-10-20; 07:43:29; 459; 8; 18.57; 991.4199609375; 44.640625
2025-10-20; 07:44:29; 459; 8; 18.53; 991.38421875; 44.703125
2025-10-20; 07:45:29; 455; 8; 18.56; 991.384375; 44.662109375
2025-10-20; 07:46:29; 450; 7; 18.55; 991.340859375; 44.794921875
2025-10-20; 07:47:30; 450; 7; 18.57; 991.4002734375; 44.71875
2025-10-20; 07:48:30; 455; 8; 18.62; 991.29796875; 44.466796875
2025-10-20; 07:49:30; 450; 7; 18.59; 991.3489453125; 44.720703125
2025-10-20; 07:50:30; 446; 7; 18.65; 991.400859375; 44.6591796875
2025-10-20; 07:51:30; 446; 7; 18.7; 991.4056640625; 44.3984375
2025-10-20; 07:52:30; 455; 8; 18.67; 991.3778515625; 44.337890625
2025-10-20; 07:53:30; 450; 7; 18.64; 991.4403515625; 44.591796875
2025-10-20; 07:54:30; 442; 6; 18.66; 991.3890625; 44.626953125
2025-10-20; 07:55:30; 442; 6; 18.64; 991.3296484375; 44.5810546875
2025-10-20; 07:56:30; 446; 7; 18.57; 991.344921875; 44.6748046875
2025-10-20; 07:57:30; 446; 7; 18.56; 991.3290625; 44.673828125
2025-10-20; 07:58:30; 450; 7; 18.59; 991.3212890625; 44.654296875
2025-10-20; 07:59:30; 450; 7; 18.54; 991.29734375; 44.8046875
2025-10-20; 08:00:30; 446; 7; 18.57; 991.309296875; 44.7626953125
2025-10-20; 08:01:30; 450; 7; 18.59; 991.2856640625; 44.720703125
2025-10-20; 08:02:30; 446; 7; 18.73; 991.2871875; 44.4013671875
2025-10-20; 08:03:30; 446; 7; 18.64; 991.3019921875; 44.5361328125
2025-10-20; 08:04:30; 446; 7; 18.61; 991.3176953125; 44.6337890625
2025-10-20; 08:05:30; 446; 7; 18.6; 991.3018359375; 44.8330078125
2025-10-20; 08:06:30; 446; 7; 18.66; 991.3337109375; 44.482421875
2025-10-20; 08:07:30; 450; 7; 18.69; 991.2791015625; 44.3857421875
2025-10-20; 08:08:30; 450; 7; 18.66; 991.3060546875; 44.52734375
2025-10-20; 08:09:30; 455; 8; 18.63; 991.341484375; 44.5341796875
2025-10-20; 08:10:30; 459; 8; 18.75; 991.2638671875; 44.3701171875
2025-10-20; 08:11:30; 455; 8; 18.78; 991.2758203125; 44.328125
2025-10-20; 08:12:30; 459; 8; 18.7; 991.3503125; 44.3876953125
2025-10-20; 08:13:30; 463; 9; 18.77; 991.37859375; 44.23828125
2025-10-20; 08:14:30; 463; 9; 18.66; 991.250703125; 44.3828125
2025-10-20; 08:15:30; 463; 9; 18.69; 991.334453125; 44.5634765625
2025-10-20; 08:16:30; 463; 9; 18.72; 991.354375; 44.4560546875
2025-10-20; 08:17:30; 465; 9; 18.92; 991.268984375; 43.9306640625
2025-10-20; 08:18:30; 465; 9; 18.84; 991.2605078125; 44.2109375
2025-10-20; 08:19:30; 463; 9; 18.76; 991.25203125; 44.2705078125
2025-10-20; 08:20:30; 463; 9; 18.66; 991.25890625; 44.52734375
2025-10-20; 08:21:30; 459; 8; 18.65; 991.2704296875; 44.4814453125
2025-10-20; 08:22:30; 465; 9; 18.67; 991.2671875; 44.494140625
2025-10-20; 08:23:30; 472; 10; 18.67; 991.247421875; 44.583984375
2025-10-20; 08:24:30; 472; 10; 18.73; 991.1765234375; 44.501953125
2025-10-20; 08:25:30; 455; 8; 18.62; 991.195234375; 44.8349609375
2025-10-20; 08:26:30; 446; 7; 18.66; 991.1482421875; 44.927734375
2025-10-20; 08:27:30; 439; 5; 18.64; 991.1636328125; 44.84765625
2025-10-20; 08:28:30; 439; 5; 18.58; 991.194765625; 45.09765625
2025-10-20; 08:29:30; 424; 3; 18.62; 991.1042578125; 44.8896484375
2025-10-20; 08:30:31; 427; 4; 18.68; 991.152578125; 44.7529296875
2025-10-20; 08:31:31; 439; 5; 18.67; 991.1920703125; 44.650390625
2025-10-20; 08:32:31; 427; 4; 18.63; 991.1478125; 44.712890625
2025-10-20; 08:33:31; 424; 3; 18.73; 991.1408984375; 44.779296875
2025-10-20; 08:34:31; 418; 2; 18.77; 991.1215625; 44.75
2025-10-20; 08:35:31; 411; 1; 18.74; 991.1096484375; 44.5576171875
2025-10-20; 08:36:31; 418; 2; 18.75; 991.1175390625; 44.6923828125
2025-10-20; 08:37:31; 409; 1; 18.83; 991.07859375; 44.611328125
2025-10-20; 08:38:31; 402; 0; 18.81; 991.1378515625; 44.509765625
2025-10-20; 08:39:31; 411; 1; 18.68; 991.0695703125; 44.5966796875
2025-10-20; 08:40:31; 421; 3; 18.59; 991.064375; 44.865234375
2025-10-20; 08:41:31; 424; 3; 18.63; 991.037109375; 44.7685546875
2025-10-20; 08:42:31; 424; 3; 18.7; 991.0182421875; 44.7763671875
2025-10-20; 08:43:31; 421; 3; 18.67; 991.04578125; 44.8271484375
2025-10-20; 08:44:31; 418; 2; 18.77; 991.09390625; 44.60546875
2025-10-20; 08:45:31; 411; 1; 18.77; 991.0187890625; 44.73828125
2025-10-20; 08:46:31; 411; 1; 18.74; 991.054296875; 44.802734375
2025-10-20; 08:47:31; 402; 0; 18.77; 991.010859375; 44.7275390625
2025-10-20; 08:48:31; 400; 0; 18.77; 991.101796875; 44.9501953125
2025-10-20; 08:49:31; 400; 0; 18.75; 991.0898828125; 44.8369140625
2025-10-20; 08:50:31; 403; 0; 18.78; 991.1176953125; 44.7392578125
2025-10-20; 08:51:31; 400; 0; 18.81; 991.102265625; 44.7978515625
2025-10-20; 08:52:31; 400; 0; 18.76; 991.1610546875; 44.8037109375
2025-10-20; 08:53:31; 402; 0; 18.71; 991.0894140625; 44.9208984375
2025-10-20; 08:54:31; 403; 0; 18.74; 991.1016796875; 44.9462890625
2025-10-20; 08:55:31; 403; 0; 18.78; 990.979296875; 44.8623046875
2025-10-20; 08:56:31; 400; 0; 18.8; 991.0307421875; 44.8642578125
2025-10-20; 08:57:31; 403; 0; 18.78; 991.0346484375; 44.76171875
2025-10-20; 08:58:31; 408; 1; 18.74; 991.081953125; 44.90234375
2025-10-20; 08:59:31; 413; 1; 18.83; 991.0509375; 44.7109375
2025-10-20; 09:00:31; 413; 1; 18.84; 991.0390625; 44.7900390625
2025-10-20; 09:01:31; 408; 1; 18.77; 991.0187890625; 44.9501953125
2025-10-20; 09:02:31; 403; 0; 18.81; 991.01921875; 44.8427734375
2025-10-20; 09:03:31; 400; 0; 18.8; 991.066640625; 45.064453125
2025-10-20; 09:04:31; 400; 0; 18.82; 991.0706640625; 44.9560546875
2025-10-20; 09:05:31; 403; 0; 18.77; 991.010859375; 44.97265625
2025-10-20; 09:06:31; 405; 0; 18.77; 991.101796875; 44.9833984375
2025-10-20; 09:07:31; 405; 0; 18.82; 990.98765625; 44.85546875
2025-10-20; 09:08:31; 400; 0; 18.79; 990.99515625; 44.9970703125
2025-10-20; 09:09:31; 400; 0; 18.85; 990.9798046875; 44.9921875
2025-10-20; 09:10:31; 402; 0; 18.84; 990.9006640625; 44.9228515625
2025-10-20; 09:11:31; 400; 0; 18.83; 990.995546875; 44.9775390625
2025-10-20; 09:12:31; 405; 0; 18.84; 990.963984375; 44.9912109375
2025-10-20; 09:13:32; 408; 1; 18.85; 990.9995703125; 44.9912109375
2025-10-20; 09:14:32; 405; 0; 18.84; 990.9837109375; 45.0234375
2025-10-20; 09:15:32; 400; 0; 18.87; 990.9758984375; 45.2275390625
2025-10-20; 09:16:32; 402; 0; 18.88; 990.9920703125; 45.1279296875
2025-10-20; 09:17:32; 400; 0; 18.92; 991.01984375; 44.9541015625
2025-10-20; 09:18:32; 405; 0; 18.92; 990.936796875; 45.04296875
2025-10-20; 09:19:32; 400; 0; 18.98; 990.92140625; 45.048828125
2025-10-20; 09:20:32; 400; 0; 19.01; 990.9412890625; 44.86328125
2025-10-20; 09:21:32; 406; 0; 18.95; 990.7908203125; 45.044921875
2025-10-20; 09:22:32; 400; 0; 19.0; 990.8700390625; 44.927734375
2025-10-20; 09:23:32; 406; 0; 18.94; 990.8659765625; 44.93359375
2025-10-20; 09:24:32; 400; 0; 18.99; 990.8541796875; 45.23828125
2025-10-20; 09:25:32; 400; 0; 18.96; 990.814609375; 45.0146484375
2025-10-20; 09:26:32; 400; 0; 18.95; 990.7710546875; 45.16796875
2025-10-20; 09:27:32; 403; 0; 18.94; 990.7829296875; 45.0
2025-10-20; 09:28:32; 406; 0; 18.92; 990.770703125; 45.2099609375
2025-10-20; 09:29:32; 409; 1; 18.89; 990.778515625; 45.228515625
2025-10-20; 09:30:32; 406; 0; 18.95; 990.8264453125; 45.0458984375
2025-10-20; 09:31:32; 409; 1; 18.89; 990.7587890625; 45.0849609375
2025-10-20; 09:32:32; 413; 1; 18.93; 990.7865625; 44.931640625
2025-10-20; 09:33:32; 406; 0; 18.91; 990.699453125; 45.197265625
2025-10-20; 09:34:32; 413; 1; 18.86; 990.7465234375; 45.3037109375
2025-10-20; 09:35:32; 423; 3; 18.94; 990.7746875; 45.044921875
2025-10-20; 09:36:32; 415; 2; 18.91; 990.735078125; 45.2314453125
2025-10-20; 09:37:32; 413; 1; 18.95; 990.7631640625; 45.4560546875
2025-10-20; 09:38:32; 413; 1; 18.93; 990.7588671875; 45.076171875
2025-10-20; 09:39:32; 420; 3; 18.94; 990.755234375; 45.1669921875
2025-10-20; 09:40:32; 426; 3; 18.94; 990.755234375; 45.0673828125
2025-10-20; 09:41:32; 428; 4; 18.86; 990.663515625; 45.2373046875
2025-10-20; 09:42:32; 436; 5; 18.9; 990.6638671875; 45.2080078125
2025-10-20; 09:43:32; 439; 5; 18.88; 990.6519921875; 45.2275390625
2025-10-20; 09:44:32; 444; 6; 18.86; 990.6358203125; 45.2041015625
2025-10-20; 09:45:32; 436; 5; 18.97; 990.6010546875; 45.50390625
2025-10-20; 09:46:32; 426; 3; 18.99; 990.557578125; 45.5615234375
2025-10-20; 09:47:32; 423; 3; 18.98; 990.6248046875; 45.02734375
2025-10-20; 09:48:32; 426; 3; 19.08; 990.562265625; 45.4375
2025-10-20; 09:49:32; 423; 3; 19.17; 990.6615625; 45.1787109375
2025-10-20; 09:50:32; 415; 2; 19.21; 990.641875; 45.126953125
2025-10-20; 09:51:32; 415; 2; 19.19; 990.69328125; 45.1923828125
2025-10-20; 09:52:32; 415; 2; 19.22; 990.7133984375; 45.3623046875
2025-10-20; 09:53:32; 415; 2; 19.3; 990.81265625; 45.0029296875
2025-10-20; 09:54:32; 420; 3; 19.28; 990.83609375; 45.0341796875
2025-10-20; 09:55:32; 420; 3; 19.28; 990.8637890625; 44.6669921875
2025-10-20; 09:56:33; 428; 4; 19.21; 990.7803125; 44.8818359375
2025-10-20; 09:57:33; 426; 3; 19.24; 990.7806640625; 45.0986328125
2025-10-20; 09:58:33; 435; 5; 19.16; 990.8475; 45.0673828125
2025-10-20; 09:59:33; 439; 5; 19.18; 990.84359375; 45.0908203125
2025-10-20; 10:00:33; 444; 6; 19.21; 990.8080078125; 45.25
2025-10-20; 10:01:33; 439; 5; 19.22; 990.8874609375; 44.8837890625
2025-10-20; 10:02:33; 447; 7; 19.16; 990.95828125; 44.8232421875
2025-10-20; 10:03:33; 459; 8; 19.16; 990.8119140625; 45.2109375
2025-10-20; 10:04:33; 454; 8; 19.18; 990.962265625; 44.82421875
2025-10-20; 10:05:33; 464; 9; 19.16; 990.902890625; 44.80078125
2025-10-20; 10:06:33; 470; 10; 19.17; 990.8554296875; 45.1787109375
2025-10-20; 10:07:33; 476; 11; 19.16; 990.895; 44.8662109375
2025-10-20; 10:08:33; 476; 11; 19.21; 990.9741796875; 45.1943359375
2025-10-20; 10:09:33; 470; 10; 19.17; 990.91875; 45.001953125
2025-10-20; 10:10:33; 481; 12; 19.2; 990.986015625; 45.0048828125
2025-10-20; 10:11:33; 487; 13; 19.19; 990.9425390625; 44.9912109375
2025-10-20; 10:12:33; 485; 12; 19.23; 990.9587109375; 45.0634765625
2025-10-20; 10:13:33; 476; 11; 19.37; 990.9317578125; 45.123046875
2025-10-20; 10:14:33; 464; 9; 19.33; 990.94328125; 45.140625
2025-10-20; 10:15:33; 459; 8; 19.36; 990.9633984375; 44.96484375
2025-10-20; 10:16:33; 470; 10; 19.33; 990.9512109375; 44.8076171875
2025-10-20; 10:17:33; 470; 10; 19.32; 990.8799609375; 45.3173828125
2025-10-20; 10:18:33; 464; 9; 19.33; 990.8601953125; 44.8505859375
2025-10-20; 10:19:33; 476; 11; 19.26; 990.867734375; 45.0107421875
2025-10-20; 10:20:33; 476; 11; 19.32; 990.9274609375; 45.2060546875
2025-10-20; 10:21:33; 476; 11; 19.28; 990.83609375; 45.08984375
2025-10-20; 10:22:33; 481; 12; 19.21; 990.871328125; 44.9833984375
2025-10-20; 10:23:33; 487; 13; 19.22; 990.91515625; 45.5078125
2025-10-20; 10:24:33; 485; 12; 19.2; 990.9108984375; 45.283203125
2025-10-20; 10:25:33; 481; 12; 19.22; 990.8795703125; 45.5966796875
2025-10-20; 10:26:33; 492; 14; 19.2; 990.9108984375; 45.31640625
2025-10-20; 10:27:33; 492; 14; 19.19; 990.8317578125; 45.28125
2025-10-20; 10:28:33; 502; 15; 19.17; 990.8356640625; 45.4248046875
2025-10-20; 10:29:33; 492; 14; 19.2; 990.847578125; 45.7060546875
2025-10-20; 10:30:33; 487; 13; 19.14; 990.7878515625; 45.6767578125
2025-10-20; 10:31:33; 487; 13; 19.13; 990.8353125; 45.666015625
2025-10-20; 10:32:33; 485; 12; 19.15; 990.7486328125; 45.9677734375
2025-10-20; 10:33:33; 481; 12; 19.15; 990.776328125; 45.9345703125
2025-10-20; 10:34:33; 470; 10; 19.09; 990.7996484375; 46.0400390625
2025-10-20; 10:35:33; 470; 10; 19.19; 990.7565625; 45.8828125
2025-10-20; 10:36:33; 462; 9; 19.17; 990.7446484375; 46.11328125
2025-10-20; 10:37:33; 454; 8; 19.2; 990.63390625; 46.0283203125
2025-10-20; 10:38:33; 447; 7; 19.16; 990.618046875; 46.24609375
2025-10-20; 10:39:34; 444; 6; 19.18; 990.65765625; 46.205078125
2025-10-20; 10:40:34; 444; 6; 19.19; 990.64578125; 46.171875
2025-10-20; 10:41:34; 436; 5; 19.16; 990.6734375; 46.4794921875
2025-10-20; 10:42:34; 426; 3; 19.18; 990.7130078125; 46.3271484375
2025-10-20; 10:43:34; 426; 3; 19.19; 990.637890625; 46.416015625
2025-10-20; 10:44:34; 415; 2; 19.17; 990.5784765625; 46.603515625
2025-10-20; 10:45:34; 409; 1; 19.16; 990.590390625; 46.580078125
2025-10-20; 10:46:34; 409; 1; 19.13; 990.4396875; 46.521484375
2025-10-20; 10:47:34; 406; 0; 19.2; 990.4875390625; 46.451171875
2025-10-20; 10:48:34; 406; 0; 19.17; 990.44796875; 46.6044921875
2025-10-20; 10:49:34; 400; 0; 19.18; 990.4083984375; 46.5380859375
2025-10-20; 10:50:34; 400; 0; 19.22; 990.47203125; 46.865234375
2025-10-20; 10:51:34; 403; 0; 19.27; 990.4324609375; 46.603515625
2025-10-20; 10:52:34; 403; 0; 19.25; 990.4641015625; 46.4453125
2025-10-20; 10:53:34; 408; 1; 19.3; 990.452578125; 46.39453125
2025-10-20; 10:54:34; 400; 0; 19.28; 990.428515625; 46.515625
2025-10-20; 10:55:34; 400; 0; 19.24; 990.4483203125; 46.833984375
2025-10-20; 10:56:34; 400; 0; 19.24; 990.4126953125; 46.6884765625
2025-10-20; 10:57:34; 403; 0; 19.31; 990.3932421875; 46.7080078125
2025-10-20; 10:58:34; 403; 0; 19.26; 990.3691796875; 46.55859375
2025-10-20; 10:59:34; 400; 0; 19.25; 990.428515625; 46.8232421875
2025-10-20; 11:00:34; 405; 0; 19.28; 990.4562109375; 46.849609375
2025-10-20; 11:01:34; 400; 0; 19.31; 990.3932421875; 46.6962890625
2025-10-20; 11:02:34; 407; 1; 19.29; 990.4921484375; 46.75
2025-10-20; 11:03:34; 409; 1; 19.27; 990.385; 46.615234375
2025-10-20; 11:04:34; 414; 2; 19.28; 990.3375390625; 46.5146484375
2025-10-20; 11:05:34; 417; 2; 19.24; 990.30984375; 46.544921875
2025-10-20; 11:06:34; 414; 2; 19.24; 990.30984375; 47.0126953125
2025-10-20; 11:07:34; 403; 0; 19.26; 990.305859375; 46.98046875
2025-10-20; 11:08:35; 407; 1; 19.27; 990.2187890625; 46.7373046875
2025-10-20; 11:09:35; 409; 1; 19.34; 990.3853125; 46.4765625
2025-10-20; 11:10:35; 409; 1; 19.34; 990.27453125; 46.6435546875
2025-10-20; 11:11:35; 421; 3; 19.3; 990.3140625; 46.427734375
2025-10-20; 11:12:35; 423; 3; 19.24; 990.2821484375; 46.6337890625
2025-10-20; 11:13:35; 433; 5; 19.29; 990.2705859375; 46.6279296875
2025-10-20; 11:14:35; 436; 5; 19.23; 990.28609375; 46.75390625
2025-10-20; 11:15:35; 447; 7; 19.2; 990.293671875; 46.5517578125
2025-10-20; 11:16:35; 447; 7; 19.16; 990.293671875; 46.9921875
2025-10-20; 11:17:35; 452; 7; 19.2; 990.2659765625; 46.9189453125
2025-10-20; 11:18:35; 447; 7; 19.22; 990.270234375; 47.109375
2025-10-20; 11:19:36; 439; 5; 19.29; 990.2705859375; 47.017578125
2025-10-20; 11:20:36; 436; 5; 19.25; 990.3533203125; 46.9345703125
2025-10-20; 11:21:36; 443; 6; 19.27; 990.293984375; 47.271484375
2025-10-20; 11:22:36; 433; 5; 19.25; 990.21484375; 47.1240234375
2025-10-20; 11:23:36; 426; 3; 19.31; 990.219140625; 47.2080078125
2025-10-20; 11:24:36; 421; 3; 19.28; 990.1792578125; 47.2724609375
2025-10-20; 11:25:36; 417; 2; 19.24; 990.254453125; 47.3125
2025-10-20; 11:26:36; 417; 2; 19.27; 990.2187890625; 47.015625
2025-10-20; 11:27:36; 409; 1; 19.36; 990.13234375; 46.8466796875
2025-10-20; 11:28:36; 409; 1; 19.31; 990.219140625; 46.7412109375
2025-10-20; 11:29:36; 421; 3; 19.25; 990.2346484375; 46.845703125
2025-10-20; 11:30:36; 423; 3; 19.26; 990.1476171875; 47.037109375
2025-10-20; 11:31:36; 423; 3; 19.26; 990.195078125; 47.3466796875
2025-10-20; 11:32:36; 423; 3; 19.25; 990.1871484375; 47.3125
2025-10-20; 11:33:36; 421; 3; 19.31; 990.1439453125; 47.1533203125
2025-10-20; 11:34:36; 417; 2; 19.33; 990.20328125; 47.1220703125
2025-10-20; 11:35:36; 417; 2; 19.4; 990.175859375; 46.7841796875
2025-10-20; 11:36:36; 423; 3; 19.4; 990.2510546875; 46.75
2025-10-20; 11:37:36; 421; 3; 19.32; 990.2428515625; 47.1201171875
2025-10-20; 11:38:36; 423; 3; 19.31; 990.1914453125; 47.0419921875
2025-10-20; 11:39:36; 433; 5; 19.31; 990.16375; 46.9970703125
2025-10-20; 11:40:36; 439; 5; 19.38; 990.2194140625; 46.8701171875
2025-10-20; 11:41:36; 439; 5; 19.42; 990.1441796875; 46.78515625
2025-10-20; 11:42:36; 443; 6; 19.44; 990.1483984375; 46.6767578125
2025-10-20; 11:43:36; 439; 5; 19.47; 990.1602734375; 46.9462890625
2025-10-20; 11:44:36; 439; 5; 19.49; 990.1724609375; 46.9375
2025-10-20; 11:45:36; 443; 6; 19.42; 990.116484375; 46.94140625
2025-10-20; 11:46:36; 447; 7; 19.49; 990.1724609375; 46.8603515625
2025-10-20; 11:47:36; 447; 7; 19.5; 990.15265625; 46.37109375
2025-10-20; 11:48:36; 456; 8; 19.42; 990.171875; 46.908203125
2025-10-20; 11:49:36; 459; 8; 19.37; 990.1006640625; 46.9931640625
2025-10-20; 11:50:36; 459; 8; 19.31; 990.1439453125; 46.9970703125
2025-10-20; 11:51:36; 456; 8; 19.39; 990.1600390625; 47.2177734375
2025-10-20; 11:52:36; 462; 9; 19.43; 990.1880078125; 46.8203125
2025-10-20; 11:53:36; 447; 7; 19.4; 990.1204296875; 47.0625
2025-10-20; 11:54:36; 459; 8; 19.36; 990.1046484375; 47.1796875
2025-10-20; 11:55:36; 462; 9; 19.39; 990.1600390625; 47.005859375
2025-10-20; 11:56:36; 465; 9; 19.34; 990.136015625; 46.966796875
2025-10-20; 11:57:36; 465; 9; 19.31; 990.1083203125; 47.0859375
2025-10-20; 11:58:36; 470; 10; 19.27; 990.0447265625; 47.193359375
2025-10-20; 11:59:36; 470; 10; 19.31; 990.080625; 47.3974609375
2025-10-20; 12:00:36; 470; 10; 19.31; 989.9975; 47.130859375
2025-10-20; 12:01:36; 462; 9; 19.32; 989.965859375; 47.2431640625
2025-10-20; 12:02:37; 462; 9; 19.33; 989.9737890625; 47.0654296875
2025-10-20; 12:03:37; 462; 9; 19.39; 990.01359375; 47.39453125
2025-10-20; 12:04:37; 459; 8; 19.4; 990.00171875; 47.40625
2025-10-20; 12:05:37; 452; 7; 19.31; 989.9975; 47.642578125
2025-10-20; 12:06:37; 447; 7; 19.34; 989.969765625; 47.5341796875
2025-10-20; 12:07:37; 447; 7; 19.43; 990.021796875; 47.27734375
2025-10-20; 12:08:37; 443; 6; 19.47; 989.9940625; 47.3798828125
2025-10-20; 12:09:37; 433; 5; 19.4; 989.9740234375; 47.662109375
2025-10-20; 12:10:37; 433; 5; 19.45; 989.9901171875; 47.2998046875
2025-10-20; 12:11:37; 433; 5; 19.45; 990.025703125; 47.3125
2025-10-20; 12:12:37; 426; 3; 19.45; 989.9901171875; 47.322265625
2025-10-20; 12:13:37; 423; 3; 19.48; 989.92671875; 47.4931640625
2025-10-20; 12:14:37; 414; 2; 19.42; 989.89484375; 47.564453125
2025-10-20; 12:15:37; 409; 1; 19.44; 989.9267578125; 47.6005859375
2025-10-20; 12:16:37; 403; 0; 19.47; 989.9742578125; 47.4033203125
2025-10-20; 12:17:37; 400; 0; 19.52; 989.9151171875; 47.7099609375
2025-10-20; 12:18:37; 403; 0; 19.52; 989.9071875; 47.419921875
2025-10-20; 12:19:37; 403; 0; 19.48; 989.8990234375; 47.4599609375
2025-10-20; 12:20:37; 400; 0; 19.5; 989.90328125; 47.662109375
2025-10-20; 12:21:37; 400; 0; 19.56; 989.859921875; 47.7021484375
2025-10-20; 12:22:37; 402; 0; 19.5; 989.85578125; 47.73046875
2025-10-20; 12:23:37; 408; 1; 19.51; 989.8438671875; 47.6298828125
2025-10-20; 12:24:37; 405; 0; 19.46; 989.847578125; 47.78125
2025-10-20; 12:25:37; 408; 1; 19.54; 989.9190234375; 47.6787109375
2025-10-20; 12:26:37; 400; 0; 19.56; 989.859921875; 47.8017578125
2025-10-20; 12:27:37; 402; 0; 19.57; 989.8757421875; 47.5478515625
2025-10-20; 12:28:37; 400; 0; 19.56; 989.8044921875; 47.5234375
2025-10-20; 12:29:37; 400; 0; 19.6; 989.8759765625; 47.484375
2025-10-20; 12:30:37; 400; 0; 19.55; 989.7606640625; 47.6904296875
2025-10-20; 12:31:37; 402; 0; 19.53; 989.820078125; 47.83203125
2025-10-20; 12:32:37; 403; 0; 19.47; 989.8080078125; 47.837890625
2025-10-20; 12:33:37; 400; 0; 19.52; 989.851796875; 47.8203125
2025-10-20; 12:34:37; 405; 0; 19.51; 989.8359375; 48.01953125
2025-10-20; 12:35:37; 400; 0; 19.52; 989.9071875; 48.0654296875
2025-10-20; 12:36:37; 402; 0; 19.52; 989.851796875; 48.04296875
2025-10-20; 12:37:37; 400; 0; 19.59; 989.82453125; 47.728515625
2025-10-20; 12:38:37; 402; 0; 19.6; 989.840390625; 47.9736328125
2025-10-20; 12:39:37; 403; 0; 19.61; 989.8086328125; 47.9541015625
2025-10-20; 12:40:37; 400; 0; 19.59; 989.86015625; 48.1181640625
2025-10-20; 12:41:37; 403; 0; 19.59; 989.852265625; 48.1728515625
2025-10-20; 12:42:37; 400; 0; 19.44; 989.8159375; 48.53515625
2025-10-20; 12:43:37; 408; 1; 19.53; 989.8121484375; 48.2666015625
2025-10-20; 12:44:37; 405; 0; 19.56; 989.9509375; 48.3154296875
2025-10-20; 12:45:38; 407; 1; 19.58; 989.8087109375; 48.126953125
2025-10-20; 12:46:38; 407; 1; 19.65; 989.80890625; 47.9345703125
2025-10-20; 12:47:38; 402; 0; 19.63; 989.812890625; 48.15625
2025-10-20; 12:48:38; 403; 0; 19.65; 989.781171875; 48.1015625
2025-10-20; 12:49:38; 403; 0; 19.67; 989.785078125; 48.1142578125
2025-10-20; 12:50:38; 400; 0; 19.66; 989.6861328125; 48.2470703125
2025-10-20; 12:51:38; 400; 0; 19.57; 989.662265625; 48.60546875
2025-10-20; 12:52:38; 400; 0; 19.62; 989.705703125; 48.587890625
2025-10-20; 12:53:38; 400; 0; 19.68; 989.717734375; 48.3271484375
2025-10-20; 12:54:38; 407; 1; 19.69; 989.705859375; 48.3740234375
2025-10-20; 12:55:38; 402; 0; 19.75; 989.7455859375; 48.1904296875
2025-10-20; 12:56:38; 400; 0; 19.77; 989.714140625; 48.236328125
2025-10-20; 12:57:38; 403; 0; 19.73; 989.7337890625; 48.365234375
2025-10-20; 12:58:38; 401; 0; 19.67; 989.7573828125; 48.4375
2025-10-20; 12:59:38; 400; 0; 19.73; 989.658515625; 48.466796875
2025-10-20; 13:00:38; 406; 0; 19.73; 989.6308203125; 48.4775390625
2025-10-20; 13:01:38; 400; 0; 19.76; 989.650546875; 48.4140625
2025-10-20; 13:02:38; 403; 0; 19.81; 989.674453125; 48.330078125
2025-10-20; 13:03:38; 400; 0; 19.81; 989.618984375; 48.4189453125
2025-10-20; 13:04:38; 400; 0; 19.82; 989.68234375; 48.46484375
2025-10-20; 13:05:38; 400; 0; 19.83; 989.623203125; 48.400390625
2025-10-20; 13:06:38; 403; 0; 19.86; 989.61515625; 48.2578125
2025-10-20; 13:07:38; 407; 1; 19.9; 989.642734375; 48.1953125
2025-10-20; 13:08:38; 400; 0; 19.86; 989.607265625; 48.3125
2025-10-20; 13:09:38; 405; 0; 19.93; 989.6073046875; 48.109375
2025-10-20; 13:10:38; 401; 0; 19.99; 989.5915625; 48.0830078125
2025-10-20; 13:11:38; 403; 0; 20.04; 989.523984375; 48.0654296875
2025-10-20; 13:12:38; 402; 0; 20.05; 989.4925390625; 48.0224609375
2025-10-20; 13:13:38; 400; 0; 20.07; 989.488515625; 48.046875
2025-10-20; 13:14:38; 403; 0; 20.1; 989.563671875; 47.9716796875
2025-10-20; 13:15:38; 403; 0; 20.1; 989.543828125; 47.927734375
2025-10-20; 13:16:38; 402; 0; 20.16; 989.5478515625; 47.8896484375
2025-10-20; 13:17:38; 402; 0; 20.19; 989.4925; 47.87109375
2025-10-20; 13:18:38; 400; 0; 20.18; 989.4410546875; 47.947265625
2025-10-20; 13:19:38; 400; 0; 20.19; 989.464765625; 47.916015625
2025-10-20; 13:20:38; 401; 0; 20.17; 989.4328515625; 48.013671875
2025-10-20; 13:21:38; 407; 1; 20.2; 989.5360546875; 47.9501953125
2025-10-20; 13:22:38; 403; 0; 20.21; 989.3775; 47.9609375
2025-10-20; 13:23:38; 403; 0; 20.28; 989.3417578125; 47.734375
2025-10-20; 13:24:38; 401; 0; 20.34; 989.3337890625; 47.6865234375
2025-10-20; 13:25:38; 401; 0; 20.41; 989.4367578125; 47.5927734375
2025-10-20; 13:26:38; 403; 0; 20.45; 989.3141796875; 47.4755859375
2025-10-20; 13:27:38; 416; 2; 20.48; 989.2783203125; 47.5009765625
2025-10-20; 13:28:39; 402; 0; 20.46; 989.3022265625; 47.5986328125
2025-10-20; 13:29:39; 400; 0; 20.56; 989.2860546875; 47.375
2025-10-20; 13:30:39; 402; 0; 20.56; 989.3415625; 47.375
2025-10-20; 13:31:39; 400; 0; 20.59; 989.1671875; 47.2998046875
2025-10-20; 13:32:39; 405; 0; 20.59; 989.27; 47.3095703125
2025-10-20; 13:33:39; 400; 0; 20.64; 989.3215234375; 47.2490234375
2025-10-20; 13:34:39; 405; 0; 20.62; 989.2145703125; 47.4150390625
2025-10-20; 13:35:39; 405; 0; 20.63; 989.2501953125; 47.5048828125
2025-10-20; 13:36:39; 400; 0; 20.56; 989.1473046875; 47.67578125
2025-10-20; 13:37:39; 400; 0; 20.55; 989.10375; 47.8427734375
2025-10-20; 13:38:39; 400; 0; 20.51; 989.206796875; 47.8935546875
2025-10-20; 13:39:39; 400; 0; 20.55; 989.10375; 47.931640625
2025-10-20; 13:40:39; 403; 0; 20.62; 989.2066796875; 47.8046875
2025-10-20; 13:41:39; 406; 0; 20.69; 989.095390625; 47.7119140625
2025-10-20; 13:42:39; 400; 0; 20.74; 989.09921875; 47.60546875
2025-10-20; 13:43:39; 400; 0; 20.76; 989.103046875; 47.5078125
2025-10-20; 13:44:39; 400; 0; 20.87; 989.039375; 47.2734375
2025-10-20; 13:45:39; 400; 0; 20.9; 988.983515625; 47.19921875
2025-10-20; 13:46:39; 400; 0; 20.92; 989.0071875; 47.267578125
2025-10-20; 13:47:39; 400; 0; 21.06; 989.02640625; 46.8798828125
2025-10-20; 13:48:39; 405; 0; 21.06; 989.109765625; 47.025390625
2025-10-20; 13:49:39; 400; 0; 21.07; 988.986640625; 47.0595703125
2025-10-20; 13:50:39; 403; 0; 21.06; 988.970859375; 47.4052734375
2025-10-20; 13:51:39; 403; 0; 21.13; 989.1649609375; 47.1328125
2025-10-20; 13:52:39; 400; 0; 21.06; 989.1176171875; 47.2607421875
2025-10-20; 13:53:39; 409; 1; 21.04; 989.0305078125; 47.2021484375
2025-10-20; 13:54:39; 405; 0; 20.93; 989.031171875; 47.5478515625
2025-10-20; 13:55:39; 400; 0; 20.91; 989.0747265625; 47.6123046875
2025-10-20; 13:56:39; 403; 0; 20.89; 988.95984375; 47.912109375
2025-10-20; 13:57:39; 400; 0; 20.94; 988.9834765625; 47.8271484375
2025-10-20; 13:58:39; 403; 0; 20.95; 988.9238671875; 47.6728515625
2025-10-20; 13:59:39; 400; 0; 21.02; 988.9712109375; 47.6806640625
2025-10-20; 14:00:39; 400; 0; 21.08; 989.0383984375; 47.474609375
2025-10-20; 14:01:39; 400; 0; 21.06; 988.9986328125; 47.5390625
2025-10-20; 14:02:39; 402; 0; 21.06; 989.02640625; 47.6279296875
2025-10-20; 14:03:39; 414; 2; 20.9; 989.0112890625; 47.880859375
2025-10-20; 14:04:39; 416; 2; 20.88; 988.9797265625; 48.044921875
2025-10-20; 14:05:39; 410; 1; 20.99; 989.0346484375; 47.8779296875
2025-10-20; 14:06:39; 400; 0; 21.14; 988.9865625; 47.7158203125
2025-10-20; 14:07:39; 400; 0; 21.15; 988.9745703125; 47.59375
2025-10-20; 14:08:39; 400; 0; 21.18; 988.91078125; 47.7646484375
2025-10-20; 14:09:39; 403; 0; 21.13; 989.0061328125; 47.7255859375
2025-10-20; 14:10:39; 400; 0; 21.08; 988.9471484375; 47.8203125
2025-10-20; 14:11:40; 402; 0; 21.09; 988.8240625; 47.9326171875
2025-10-20; 14:12:40; 403; 0; 21.15; 988.871328125; 47.7392578125
2025-10-20; 14:13:40; 403; 0; 21.06; 988.83984375; 48.0537109375
2025-10-20; 14:14:40; 413; 1; 21.02; 988.860078125; 48.171875
2025-10-20; 14:15:40; 405; 0; 21.12; 988.788046875; 48.08203125
2025-10-20; 14:16:40; 400; 0; 21.16; 988.80375; 47.919921875
2025-10-20; 14:17:40; 400; 0; 21.09; 988.79625; 48.078125
2025-10-20; 14:18:40; 400; 0; 21.16; 988.7680859375; 48.0078125
2025-10-20; 14:19:40; 407; 1; 21.09; 988.804140625; 48.2353515625
2025-10-20; 14:20:40; 400; 0; 21.16; 988.7481640625; 48.076171875
2025-10-20; 14:21:40; 405; 0; 21.14; 988.70875; 48.1396484375
2025-10-20; 14:22:40; 408; 1; 21.02; 988.756875; 48.384765625
2025-10-20; 14:23:40; 411; 1; 20.81; 988.757890625; 48.9970703125
2025-10-20; 14:24:40; 408; 1; 20.79; 988.7260546875; 49.1728515625
2025-10-20; 14:25:40; 400; 0; 20.96; 988.7174609375; 48.7568359375
2025-10-20; 14:26:40; 400; 0; 20.97; 988.6776953125; 48.826171875
2025-10-20; 14:27:40; 403; 0; 20.98; 988.8045703125; 48.748046875
2025-10-20; 14:28:40; 402; 0; 21.06; 988.6454296875; 48.5224609375
2025-10-20; 14:29:40; 418; 2; 20.94; 988.7335546875; 48.8212890625
2025-10-20; 14:30:40; 414; 2; 21.01; 988.657734375; 48.6962890625
2025-10-20; 14:31:40; 414; 2; 20.97; 988.64203125; 48.76953125
2025-10-20; 14:32:40; 414; 2; 20.93; 988.697890625; 48.931640625
2025-10-20; 14:33:40; 406; 0; 21.01; 988.7133203125; 48.7412109375
2025-10-20; 14:34:40; 400; 0; 21.05; 988.768515625; 48.8330078125
2025-10-20; 14:35:40; 408; 1; 20.97; 988.6776953125; 48.8154296875
2025-10-20; 14:36:40; 414; 2; 20.98; 988.8522265625; 48.9375
2025-10-20; 14:37:40; 400; 0; 21.04; 988.7805078125; 48.8662109375
2025-10-20; 14:38:40; 405; 0; 21.08; 988.8161328125; 48.669921875
2025-10-20; 14:39:40; 406; 0; 21.07; 988.7726171875; 48.736328125
2025-10-20; 14:40:40; 400; 0; 21.12; 988.8158203125; 48.7080078125
2025-10-20; 14:41:40; 400; 0; 21.17; 988.7917578125; 48.6005859375
2025-10-20; 14:42:40; 406; 0; 21.14; 988.8277734375; 48.5869140625
2025-10-20; 14:43:40; 411; 1; 21.12; 988.84359375; 48.685546875
2025-10-20; 14:44:40; 406; 0; 21.09; 988.8240625; 48.8818359375
2025-10-20; 14:45:40; 403; 0; 21.08; 988.927265625; 48.904296875
2025-10-20; 14:46:40; 423; 3; 20.93; 988.8285546875; 49.177734375
2025-10-20; 14:47:40; 423; 3; 21.04; 988.87171875; 48.9677734375
2025-10-20; 14:48:40; 422; 3; 21.17; 988.811640625; 48.712890625
2025-10-20; 14:49:40; 418; 2; 21.14; 988.8198828125; 48.765625
2025-10-20; 14:50:40; 418; 2; 21.18; 988.918671875; 48.546875
2025-10-20; 14:51:40; 434; 5; 21.01; 988.78875; 48.9970703125
2025-10-20; 14:52:40; 448; 7; 20.95; 988.8127734375; 49.236328125
2025-10-20; 14:53:40; 457; 8; 21.02; 988.7846484375; 49.009765625
2025-10-20; 14:54:41; 448; 7; 21.0; 988.828515625; 49.0625
2025-10-20; 14:55:41; 454; 8; 21.02; 988.756875; 49.2666015625
2025-10-20; 14:56:41; 470; 10; 20.92; 988.7373828125; 49.3447265625
2025-10-20; 14:57:41; 470; 10; 21.03; 988.68140625; 49.244140625
2025-10-20; 14:58:41; 457; 8; 21.09; 988.5740234375; 49.138671875
2025-10-20; 14:59:41; 466; 10; 20.93; 988.6341796875; 49.400390625
2025-10-20; 15:00:41; 476; 11; 21.02; 988.64578125; 49.1884765625
2025-10-20; 15:01:41; 470; 10; 21.05; 988.546328125; 49.1123046875
2025-10-20; 15:02:41; 491; 13; 21.03; 988.68140625; 49.322265625
2025-10-20; 15:03:41; 496; 14; 21.07; 988.5977734375; 49.103515625
2025-10-20; 15:04:41; 491; 13; 21.13; 988.5616796875; 49.0546875
2025-10-20; 15:05:41; 491; 13; 21.24; 988.561171875; 48.787109375
2025-10-20; 15:06:41; 500; 15; 21.2; 988.6644921875; 48.849609375
2025-10-20; 15:07:41; 505; 15; 21.19; 988.601015625; 48.9267578125
2025-10-20; 15:08:41; 500; 15; 21.27; 988.552890625; 48.66796875
2025-10-20; 15:09:41; 508; 16; 21.26; 988.62046875; 48.72265625
2025-10-20; 15:10:41; 520; 18; 21.2; 988.6089453125; 48.939453125
2025-10-20; 15:11:41; 539; 21; 21.11; 988.5856640625; 49.1865234375
2025-10-20; 15:12:41; 552; 23; 21.14; 988.6333203125; 49.044921875
2025-10-20; 15:13:41; 566; 25; 21.06; 988.5620703125; 49.2490234375
2025-10-20; 15:14:41; 552; 23; 21.28; 988.5493359375; 48.880859375
2025-10-20; 15:15:41; 561; 24; 21.12; 988.649140625; 49.2099609375
2025-10-20; 15:16:41; 572; 26; 21.11; 988.5301171875; 49.2646484375
2025-10-20; 15:17:41; 586; 28; 21.12; 988.573671875; 49.265625
2025-10-20; 15:18:41; 580; 27; 21.3; 988.6364453125; 48.90625
2025-10-20; 15:19:41; 580; 27; 21.22; 988.5375; 48.96484375
2025-10-20; 15:20:41; 591; 29; 21.23; 988.5532421875; 48.9765625
2025-10-20; 15:21:41; 614; 32; 21.19; 988.5732421875; 49.1171875
2025-10-20; 15:22:41; 614; 32; 21.18; 988.6329296875; 49.16015625
2025-10-20; 15:23:41; 614; 32; 21.26; 988.6005859375; 49.1025390625
2025-10-20; 15:24:41; 605; 31; 21.28; 988.5493359375; 48.880859375
2025-10-20; 15:25:41; 607; 31; 21.27; 988.552890625; 48.98046875
2025-10-20; 15:26:41; 600; 30; 21.5; 988.47234375; 48.458984375
2025-10-20; 15:27:41; 605; 31; 21.45; 988.5798828125; 48.564453125
2025-10-20; 15:28:41; 607; 31; 21.41; 988.5525390625; 48.671875
2025-10-20; 15:29:41; 618; 33; 21.37; 988.628125; 48.7578125
2025-10-20; 15:30:41; 623; 33; 21.38; 988.504921875; 48.802734375
2025-10-20; 15:31:41; 643; 37; 21.33; 988.5012890625; 48.9091796875
2025-10-20; 15:32:41; 643; 37; 21.23; 988.469921875; 49.2783203125
2025-10-20; 15:33:41; 634; 35; 21.4; 988.3696875; 48.8720703125
2025-10-20; 15:34:41; 640; 36; 21.28; 988.4025390625; 49.1494140625
2025-10-20; 15:35:41; 643; 37; 21.39; 988.4294140625; 48.859375
2025-10-20; 15:36:41; 660; 39; 21.42; 988.3936328125; 48.818359375
2025-10-20; 15:37:42; 666; 40; 21.48; 988.34921875; 48.7236328125
2025-10-20; 15:38:42; 678; 42; 21.56; 988.3369140625; 48.46484375
2025-10-20; 15:39:42; 682; 42; 21.6; 988.3721484375; 48.40234375
2025-10-20; 15:40:42; 682; 42; 21.37; 988.322421875; 49.0029296875
2025-10-20; 15:41:42; 672; 41; 21.61; 988.380078125; 48.447265625
2025-10-20; 15:42:42; 682; 42; 21.78; 988.323046875; 48.0859375
2025-10-20; 15:43:42; 697; 45; 21.75; 988.3311328125; 48.0595703125
2025-10-20; 15:44:42; 702; 46; 21.83; 988.3187109375; 47.9248046875
2025-10-20; 15:45:42; 712; 47; 21.79; 988.366640625; 47.986328125
2025-10-20; 15:46:42; 719; 48; 21.74; 988.3153515625; 48.1826171875
2025-10-20; 15:47:42; 706; 46; 21.77; 988.2238671875; 48.1416015625
2025-10-20; 15:48:42; 706; 46; 21.8; 988.31890625; 48.03125
2025-10-20; 15:49:42; 712; 47; 21.84; 988.3901171875; 47.9697265625
2025-10-20; 15:50:42; 712; 47; 21.75; 988.3033203125; 48.1611328125
2025-10-20; 15:51:42; 702; 46; 21.69; 988.395546875; 48.3779296875
2025-10-20; 15:52:42; 682; 42; 21.47; 988.277890625; 48.923828125
2025-10-20; 15:53:42; 672; 41; 21.58; 988.320703125; 48.658203125
2025-10-20; 15:54:42; 672; 41; 21.58; 988.2651171875; 48.7138671875
2025-10-20; 15:55:42; 666; 40; 21.62; 988.1816015625; 48.6396484375
2025-10-20; 15:56:42; 666; 40; 21.62; 988.201171875; 48.626953125
2025-10-20; 15:57:42; 666; 40; 21.61; 988.27671875; 48.693359375
2025-10-20; 15:58:42; 672; 41; 21.78; 988.3787109375; 48.25390625
2025-10-20; 15:59:42; 678; 42; 21.82; 988.3307421875; 48.1572265625
2025-10-20; 16:00:42; 682; 42; 21.71; 988.148984375; 48.4365234375
2025-10-20; 16:01:42; 682; 42; 21.76; 988.1803125; 48.2744140625
2025-10-20; 16:02:42; 678; 42; 21.73; 988.216171875; 48.4833984375
2025-10-20; 16:03:42; 682; 42; 21.71; 988.2323828125; 48.5146484375
2025-10-20; 16:04:42; 682; 42; 21.68; 988.164921875; 48.5341796875
2025-10-20; 16:05:42; 690; 44; 21.79; 988.0885546875; 48.2666015625
2025-10-20; 16:06:42; 682; 42; 21.8; 988.1042578125; 48.189453125
2025-10-20; 16:07:42; 697; 45; 21.78; 988.1205078125; 48.3203125
2025-10-20; 16:08:42; 690; 44; 21.83; 988.0962109375; 48.23828125
2025-10-20; 16:09:42; 697; 45; 21.78; 988.1483203125; 48.3310546875
2025-10-20; 16:10:42; 706; 46; 21.77; 988.05703125; 48.3427734375
2025-10-20; 16:11:42; 712; 47; 21.69; 988.1452734375; 48.6357421875
2025-10-20; 16:12:42; 706; 46; 21.66; 988.1612109375; 48.666015625
2025-10-20; 16:13:42; 712; 47; 21.69; 988.1174609375; 48.6015625
2025-10-20; 16:14:42; 712; 47; 21.74; 988.1128125; 48.5625
2025-10-20; 16:15:42; 719; 48; 21.8; 988.01296875; 48.490234375
2025-10-20; 16:16:42; 712; 47; 21.73; 988.1049609375; 48.583984375
2025-10-20; 16:17:42; 712; 47; 21.86; 988.1355859375; 48.240234375
2025-10-20; 16:18:42; 733; 50; 21.76; 987.9777734375; 48.5869140625
2025-10-20; 16:19:42; 719; 48; 21.67; 988.0856640625; 48.912109375
2025-10-20; 16:20:43; 712; 47; 21.67; 987.946640625; 48.833984375
2025-10-20; 16:21:43; 712; 47; 21.58; 987.90375; 49.048828125
2025-10-20; 16:22:43; 702; 46; 21.47; 987.88875; 49.4267578125
2025-10-20; 16:23:43; 690; 44; 21.64; 987.935078125; 48.9765625
2025-10-20; 16:24:43; 678; 42; 21.53; 987.8524609375; 49.3349609375
2025-10-20; 16:25:43; 649; 37; 21.31; 987.8384765625; 49.912109375
2025-10-20; 16:26:43; 643; 37; 21.48; 987.90453125; 49.5283203125
2025-10-20; 16:27:43; 643; 37; 21.56; 987.9477734375; 49.26953125
2025-10-20; 16:28:43; 656; 39; 21.5; 987.9441796875; 49.46484375
2025-10-20; 16:29:43; 656; 39; 21.58; 987.895859375; 49.2939453125
2025-10-20; 16:30:43; 643; 37; 21.59; 987.8004296875; 49.205078125
2025-10-20; 16:31:43; 660; 39; 21.63; 987.828046875; 49.064453125
2025-10-20; 16:32:43; 649; 37; 21.77; 987.7710546875; 48.734375
2025-10-20; 16:33:43; 666; 40; 21.73; 987.8190234375; 48.86328125
2025-10-20; 16:34:43; 678; 42; 21.73; 987.7990625; 48.94140625
2025-10-20; 16:35:43; 690; 44; 21.7; 987.7518359375; 49.0390625
2025-10-20; 16:36:43; 666; 40; 21.72; 987.7833203125; 48.908203125
2025-10-20; 16:37:43; 666; 40; 21.75; 987.7193359375; 48.8759765625
2025-10-20; 16:38:43; 678; 42; 21.68; 987.6922265625; 49.1259765625
2025-10-20; 16:39:43; 672; 41; 21.72; 987.66421875; 49.0185546875
2025-10-20; 16:40:43; 660; 39; 21.74; 987.806953125; 48.8974609375
2025-10-20; 16:41:43; 678; 42; 21.64; 987.65703125; 49.189453125
2025-10-20; 16:42:43; 666; 40; 21.71; 987.711953125; 49.0400390625
2025-10-20; 16:43:43; 672; 41; 21.69; 987.700390625; 49.1611328125
2025-10-20; 16:44:43; 678; 42; 21.61; 987.7128125; 49.341796875
2025-10-20; 16:45:43; 660; 39; 21.72; 987.644296875; 49.1767578125
2025-10-20; 16:46:43; 660; 39; 21.77; 987.57640625; 48.9912109375
2025-10-20; 16:47:43; 649; 37; 21.77; 987.52078125; 48.923828125
2025-10-20; 16:48:43; 643; 37; 21.74; 987.640078125; 48.9541015625
2025-10-20; 16:49:43; 634; 35; 21.77; 987.556484375; 48.923828125
2025-10-20; 16:50:43; 643; 37; 21.63; 987.5778125; 49.35546875
2025-10-20; 16:51:43; 656; 39; 21.63; 987.5778125; 49.34375
2025-10-20; 16:52:43; 656; 39; 21.63; 987.6334375; 49.3212890625
2025-10-20; 16:53:43; 649; 37; 21.72; 987.58078125; 49.1533203125
2025-10-20; 16:54:43; 666; 40; 21.69; 987.53359375; 49.126953125
2025-10-20; 16:55:43; 682; 42; 21.61; 987.573828125; 49.375
2025-10-20; 16:56:43; 656; 39; 21.74; 987.5844921875; 49.177734375
2025-10-20; 16:57:43; 643; 37; 21.67; 987.5930859375; 49.125
2025-10-20; 16:58:43; 660; 39; 21.62; 987.542109375; 49.310546875
2025-10-20; 16:59:43; 666; 40; 21.64; 987.5657421875; 49.2216796875
2025-10-20; 17:00:43; 682; 42; 21.59; 987.4668359375; 49.373046875
2025-10-20; 17:01:43; 682; 42; 21.55; 987.5506640625; 49.4814453125
2025-10-20; 17:02:43; 697; 45; 21.61; 987.601640625; 49.3642578125
2025-10-20; 17:03:44; 706; 46; 21.7; 987.577109375; 49.0615234375
2025-10-20; 17:04:44; 706; 46; 21.67; 987.5851953125; 49.203125
2025-10-20; 17:05:44; 712; 47; 21.65; 987.5537109375; 49.22265625
2025-10-20; 17:06:44; 702; 46; 21.69; 987.5136328125; 49.2060546875
2025-10-20; 17:07:44; 706; 46; 21.66; 987.513828125; 49.24609375
2025-10-20; 17:08:44; 690; 44; 21.63; 987.4744921875; 49.27734375
2025-10-20; 17:09:44; 666; 40; 21.71; 987.5451171875; 49.1630859375
2025-10-20; 17:10:44; 678; 42; 21.61; 987.52609375; 49.30859375
2025-10-20; 17:11:44; 672; 41; 21.58; 987.506640625; 49.39453125
2025-10-20; 17:12:44; 660; 39; 21.55; 987.5150390625; 49.4697265625
2025-10-20; 17:13:44; 666; 40; 21.51; 987.5430078125; 49.5888671875
2025-10-20; 17:14:44; 672; 41; 21.49; 987.475859375; 49.564453125
2025-10-20; 17:15:44; 660; 39; 21.47; 987.5353125; 49.6728515625
2025-10-20; 17:16:44; 643; 37; 21.44; 987.48015625; 49.7138671875
2025-10-20; 17:17:44; 629; 34; 21.44; 987.4523828125; 49.87109375
2025-10-20; 17:18:44; 618; 33; 21.36; 987.5007421875; 50.0078125
2025-10-20; 17:19:44; 607; 31; 21.36; 987.4451171875; 50.0302734375
2025-10-20; 17:20:44; 623; 33; 21.32; 987.3818359375; 50.0703125
2025-10-20; 17:21:44; 623; 33; 21.36; 987.4650390625; 50.0400390625
2025-10-20; 17:22:44; 623; 33; 21.35; 987.4294140625; 50.0400390625
2025-10-20; 17:23:44; 607; 31; 21.28; 987.4022265625; 50.1767578125
2025-10-20; 17:24:44; 605; 31; 21.35; 987.4215234375; 50.150390625
2025-10-20; 17:25:44; 594; 29; 21.42; 987.448671875; 49.9462890625
2025-10-20; 17:26:44; 607; 31; 21.39; 987.4567578125; 50.009765625
2025-10-20; 17:27:44; 607; 31; 21.36; 987.41734375; 50.0517578125
2025-10-20; 17:28:44; 600; 30; 21.29; 987.44578125; 50.177734375
2025-10-20; 17:29:44; 586; 28; 21.4; 987.4724609375; 49.9560546875
2025-10-20; 17:30:44; 600; 30; 21.32; 987.4096484375; 50.1484375
2025-10-20; 17:31:44; 600; 30; 21.36; 987.437265625; 50.107421875
2025-10-20; 17:32:44; 600; 30; 21.31; 987.477265625; 50.134765625
2025-10-20; 17:33:44; 607; 31; 21.36; 987.4451171875; 50.041015625
2025-10-20; 17:34:44; 605; 31; 21.38; 987.4409765625; 49.9970703125
2025-10-20; 17:35:44; 607; 31; 21.28; 987.43; 50.2998046875
2025-10-20; 17:36:44; 605; 31; 21.32; 987.3462109375; 50.359375
2025-10-20; 17:37:44; 605; 31; 21.3; 987.386015625; 50.34765625
2025-10-20; 17:38:44; 614; 32; 21.3; 987.386015625; 50.2802734375
2025-10-20; 17:39:44; 623; 33; 21.27; 987.3662890625; 50.4111328125
2025-10-20; 17:40:44; 614; 32; 21.28; 987.2633203125; 50.478515625
2025-10-20; 17:41:44; 629; 34; 21.24; 987.2274609375; 50.595703125
2025-10-20; 17:42:44; 623; 33; 21.2; 987.255390625; 50.615234375
2025-10-20; 17:43:44; 629; 34; 21.21; 987.319140625; 50.6162109375
2025-10-20; 17:44:44; 640; 36; 21.17; 987.255859375; 50.666015625
2025-10-20; 17:45:44; 640; 36; 21.15; 987.2600390625; 50.75390625
2025-10-20; 17:46:45; 634; 35; 21.3; 987.1836328125; 50.4130859375
2025-10-20; 17:47:45; 656; 39; 21.26; 987.175625; 50.431640625
2025-10-20; 17:48:45; 660; 39; 21.3; 987.128046875; 50.3125
2025-10-20; 17:49:45; 649; 37; 21.36; 987.139453125; 50.208984375
2025-10-20; 17:50:45; 656; 39; 21.29; 987.2234765625; 50.3564453125
2025-10-20; 17:51:45; 666; 40; 21.36; 987.2149609375; 50.1962890625
2025-10-20; 17:52:45; 672; 41; 21.44; 987.293515625; 49.916015625
2025-10-20; 17:53:45; 690; 44; 21.31; 987.2549609375; 50.2919921875
2025-10-20; 17:54:45; 706; 46; 21.28; 987.2433984375; 50.34375
2025-10-20; 17:55:45; 740; 51; 21.18; 987.18828125; 50.623046875
2025-10-20; 17:56:45; 740; 51; 21.18; 987.22390625; 50.7021484375
2025-10-20; 17:57:45; 733; 50; 21.29; 987.2234765625; 50.4013671875
2025-10-20; 17:58:45; 730; 50; 21.35; 987.2070703125; 50.185546875
2025-10-20; 17:59:45; 733; 50; 21.32; 987.2350390625; 50.326171875
2025-10-20; 18:00:45; 733; 50; 21.33; 987.167421875; 50.271484375
2025-10-20; 18:01:45; 765; 55; 21.2; 987.16421875; 50.591796875
2025-10-20; 18:02:45; 783; 58; 21.12; 987.1569140625; 50.7841796875
2025-10-20; 18:03:45; 776; 57; 21.15; 987.1132421875; 50.7197265625
2025-10-20; 18:04:45; 772; 56; 21.21; 987.1525; 50.626953125
2025-10-20; 18:05:45; 772; 56; 21.24; 987.1163671875; 50.5068359375
2025-10-20; 18:06:45; 813; 62; 21.11; 987.1610546875; 50.8603515625
2025-10-20; 18:07:45; 813; 62; 21.08; 987.1694140625; 50.9013671875
2025-10-20; 18:08:45; 830; 65; 21.08; 987.252734375; 50.9794921875
2025-10-20; 18:09:45; 836; 66; 21.08; 987.141640625; 50.9794921875
2025-10-20; 18:10:45; 813; 62; 21.24; 987.144140625; 50.5849609375
2025-10-20; 18:11:45; 808; 62; 21.22; 987.0649609375; 50.5615234375
2025-10-20; 18:12:45; 800; 60; 21.25; 987.104296875; 50.5419921875
2025-10-20; 18:13:45; 783; 58; 21.22; 987.1760546875; 50.6171875
2025-10-20; 18:14:45; 772; 56; 21.16; 987.136875; 50.833984375
2025-10-20; 18:15:45; 776; 57; 21.1; 987.20875; 50.9599609375
2025-10-20; 18:16:45; 776; 57; 21.06; 987.201015625; 51.1015625
2025-10-20; 18:17:45; 783; 58; 21.01; 987.150078125; 51.1396484375
2025-10-20; 18:18:45; 793; 59; 20.97; 987.122421875; 51.2705078125
2025-10-20; 18:19:45; 776; 57; 20.89; 987.18265625; 51.638671875
2025-10-20; 18:20:45; 783; 58; 20.83; 987.15125; 51.69921875
2025-10-20; 18:21:45; 800; 60; 20.81; 987.1752734375; 51.7080078125
2025-10-20; 18:22:45; 776; 57; 20.8; 987.2150390625; 51.7509765625
2025-10-20; 18:23:45; 765; 55; 20.81; 987.1752734375; 51.88671875
2025-10-20; 18:24:45; 740; 51; 20.77; 987.1396875; 51.92578125
2025-10-20; 18:25:45; 740; 51; 20.77; 987.1396875; 51.9697265625
2025-10-20; 18:26:45; 765; 55; 20.76; 987.2072265625; 51.96875
2025-10-20; 18:27:45; 749; 53; 20.72; 987.2905859375; 52.0986328125
2025-10-20; 18:28:45; 733; 50; 20.68; 987.227578125; 52.25
2025-10-20; 18:29:46; 719; 48; 20.65; 987.2078125; 52.3017578125
2025-10-20; 18:30:46; 697; 45; 20.63; 987.1762890625; 52.4111328125
2025-10-20; 18:31:46; 682; 42; 20.58; 987.208203125; 52.5390625
2025-10-20; 18:32:46; 678; 42; 20.57; 987.21234375; 52.5146484375
2025-10-20; 18:33:46; 672; 41; 20.52; 987.196953125; 52.7109375
2025-10-20; 18:34:46; 656; 39; 20.45; 987.1775; 52.8359375
2025-10-20; 18:35:46; 656; 39; 20.44; 987.1891796875; 52.9677734375
2025-10-20; 18:36:46; 643; 37; 20.44; 987.153203125; 52.9677734375
2025-10-20; 18:37:46; 660; 39; 20.52; 987.244296875; 52.6201171875
2025-10-20; 18:38:46; 660; 39; 20.47; 987.1455859375; 52.87109375
2025-10-20; 18:39:46; 656; 39; 20.48; 987.1692578125; 52.8505859375
2025-10-20; 18:40:46; 656; 39; 20.43; 987.1375; 53.0224609375
2025-10-20; 18:41:46; 640; 36; 20.42; 987.2604296875; 53.142578125
2025-10-20; 18:42:46; 634; 35; 20.36; 987.22109375; 53.19140625
2025-10-20; 18:43:46; 634; 35; 20.27; 987.25328125; 53.29296875
2025-10-20; 18:44:46; 640; 36; 20.31; 987.25296875; 53.44140625
2025-10-20; 18:45:46; 634; 35; 20.3; 987.264921875; 53.4521484375
2025-10-20; 18:46:46; 623; 33; 20.29; 987.2491796875; 53.4609375
2025-10-20; 18:47:46; 629; 34; 20.29; 987.2491796875; 53.416015625
2025-10-20; 18:48:46; 649; 37; 20.27; 987.281015625; 53.4375
2025-10-20; 18:49:46; 643; 37; 20.22; 987.18203125; 53.6767578125
2025-10-20; 18:50:46; 640; 36; 20.19; 987.190234375; 53.662109375
2025-10-20; 18:51:46; 634; 35; 20.21; 987.2217578125; 53.6865234375
2025-10-20; 18:52:46; 629; 34; 20.16; 987.190234375; 53.90234375
2025-10-20; 18:53:46; 623; 33; 20.15; 987.099140625; 53.791015625
2025-10-20; 18:54:46; 614; 32; 20.11; 987.139140625; 53.9306640625
2025-10-20; 18:55:46; 618; 33; 20.07; 987.1035546875; 53.9580078125
2025-10-20; 18:56:46; 618; 33; 20.07; 987.166875; 53.9580078125
2025-10-20; 18:57:46; 618; 33; 20.05; 987.1630859375; 54.1669921875
2025-10-20; 18:58:46; 614; 32; 20.07; 987.1035546875; 54.236328125
2025-10-20; 18:59:46; 614; 32; 19.99; 987.0959375; 54.3720703125
2025-10-20; 19:00:46; 618; 33; 19.98; 987.135625; 54.2255859375
2025-10-20; 19:01:46; 614; 32; 19.95; 987.068203125; 54.4228515625
2025-10-20; 19:02:46; 614; 32; 19.97; 987.0839453125; 54.4345703125
2025-10-20; 19:03:46; 618; 33; 19.92; 987.0684765625; 54.3955078125
2025-10-20; 19:04:46; 623; 33; 19.96; 987.1315234375; 54.4111328125
2025-10-20; 19:05:46; 623; 33; 19.9; 987.0725390625; 54.5048828125
2025-10-20; 19:06:46; 634; 35; 19.92; 987.076328125; 54.408203125
2025-10-20; 19:07:46; 640; 36; 19.96; 987.1315234375; 54.333984375
2025-10-20; 19:08:46; 643; 37; 19.98; 987.08015625; 54.326171875
2025-10-20; 19:09:46; 649; 37; 19.95; 987.04046875; 54.322265625
2025-10-20; 19:10:46; 656; 39; 19.92; 987.12390625; 54.49609375
2025-10-20; 19:11:46; 660; 39; 19.93; 987.092109375; 54.431640625
2025-10-20; 19:12:47; 660; 39; 19.93; 987.08421875; 54.3857421875
2025-10-20; 19:13:47; 672; 41; 19.88; 987.08828125; 54.48046875
2025-10-20; 19:14:47; 678; 42; 19.87; 987.12796875; 54.4345703125
2025-10-20; 19:15:47; 678; 42; 19.88; 987.0130078125; 54.591796875
2025-10-20; 19:16:47; 690; 44; 19.88; 987.0130078125; 54.546875
2025-10-20; 19:17:47; 702; 46; 19.84; 987.143984375; 54.630859375
2025-10-20; 19:18:47; 697; 45; 19.94; 986.9692578125; 54.4326171875
2025-10-20; 19:19:47; 682; 42; 19.97; 986.9534765625; 54.369140625
2025-10-20; 19:20:47; 690; 44; 19.93; 986.9534765625; 54.365234375
2025-10-20; 19:21:47; 682; 42; 19.93; 987.0366796875; 54.46484375
2025-10-20; 19:22:47; 682; 42; 19.92; 987.0130078125; 54.484375
2025-10-20; 19:23:47; 678; 42; 19.92; 987.0130078125; 54.33984375
2025-10-20; 19:24:47; 672; 41; 19.85; 987.01328125; 54.6767578125
2025-10-20; 19:25:47; 666; 40; 19.8; 986.9697265625; 54.7822265625
2025-10-20; 19:26:47; 666; 40; 19.81; 987.0132421875; 54.7158203125
2025-10-20; 19:27:47; 649; 37; 19.91; 986.941796875; 54.6611328125
2025-10-20; 19:28:47; 649; 37; 19.88; 986.9773828125; 54.625
2025-10-20; 19:29:47; 640; 36; 19.89; 986.9178515625; 54.6826171875
2025-10-20; 19:30:47; 623; 33; 19.85; 986.9301171875; 54.7880859375
2025-10-20; 19:31:47; 618; 33; 19.85; 986.93796875; 54.6884765625
2025-10-20; 19:32:47; 607; 31; 19.83; 986.926015625; 54.8193359375
2025-10-20; 19:33:47; 607; 31; 19.8; 987.02515625; 54.771484375
2025-10-20; 19:34:47; 600; 30; 19.82; 987.1121484375; 54.8291015625
2025-10-20; 19:35:47; 591; 29; 19.8; 986.9974609375; 54.9716796875
2025-10-20; 19:36:47; 577; 26; 19.76; 986.9341015625; 54.9541015625
2025-10-20; 19:37:47; 572; 26; 19.75; 987.001484375; 55.01953125
2025-10-20; 19:38:47; 572; 26; 19.81; 986.930078125; 54.8046875
2025-10-20; 19:39:47; 556; 23; 19.81; 986.9577734375; 54.9599609375
2025-10-20; 19:40:47; 556; 23; 19.76; 987.037109375; 54.9658203125
2025-10-20; 19:41:47; 548; 22; 19.82; 987.02109375; 54.97265625
2025-10-20; 19:42:47; 542; 21; 19.85; 987.104296875; 54.8330078125
2025-10-20; 19:43:47; 536; 20; 19.85; 987.0488671875; 54.5986328125
2025-10-20; 19:44:47; 536; 20; 19.86; 987.0091796875; 54.64453125
2025-10-20; 19:45:47; 529; 19; 19.79; 987.0094140625; 54.9248046875
2025-10-20; 19:46:47; 517; 17; 19.75; 986.8905859375; 55.03125
2025-10-20; 19:47:47; 505; 15; 19.76; 986.98953125; 55.04296875
2025-10-20; 19:48:47; 501; 15; 19.8; 986.914296875; 54.9716796875
2025-10-20; 19:49:47; 491; 13; 19.87; 986.9140625; 54.802734375
2025-10-20; 19:50:47; 483; 12; 19.83; 986.815078125; 54.8193359375
2025-10-20; 19:51:47; 476; 11; 19.83; 986.9064453125; 54.7861328125
2025-10-20; 19:52:47; 476; 11; 19.84; 986.89453125; 54.787109375
2025-10-20; 19:53:47; 466; 10; 19.81; 986.8746484375; 54.9375
2025-10-20; 19:54:47; 466; 10; 19.78; 986.9659375; 54.8916015625
2025-10-20; 19:55:48; 461; 9; 19.79; 986.9183984375; 54.96875
2025-10-20; 19:56:48; 461; 9; 19.76; 986.87078125; 54.9990234375
2025-10-20; 19:57:48; 448; 7; 19.75; 986.91046875; 55.173828125
2025-10-20; 19:58:48; 444; 6; 19.74; 986.902578125; 55.0966796875
2025-10-20; 19:59:48; 442; 6; 19.76; 986.87078125; 55.087890625
2025-10-20; 20:00:48; 442; 6; 19.69; 986.851171875; 55.1904296875
2025-10-20; 20:01:48; 442; 6; 19.74; 986.922421875; 55.140625
2025-10-20; 20:02:48; 434; 5; 19.74; 986.8115625; 55.1298828125
2025-10-20; 20:03:48; 426; 3; 19.76; 986.87078125; 55.0654296875
2025-10-20; 20:04:48; 426; 3; 19.73; 986.9144921875; 55.1171875
2025-10-20; 20:05:48; 433; 5; 19.74; 986.87484375; 55.07421875
2025-10-20; 20:06:48; 433; 5; 19.7; 986.9148046875; 55.2685546875
2025-10-20; 20:07:48; 426; 3; 19.71; 986.88296875; 55.16015625
2025-10-20; 20:08:48; 423; 3; 19.74; 986.922421875; 55.107421875
2025-10-20; 20:09:48; 423; 3; 19.65; 986.8237109375; 55.330078125
2025-10-20; 20:10:48; 426; 3; 19.68; 986.871015625; 55.333984375
2025-10-20; 20:11:48; 433; 5; 19.73; 986.8234765625; 55.1943359375
2025-10-20; 20:12:48; 434; 5; 19.7; 986.831640625; 55.1689453125
2025-10-20; 20:13:48; 438; 5; 19.65; 986.7959765625; 55.30859375
2025-10-20; 20:14:48; 442; 6; 19.68; 986.8354296875; 55.2666015625
2025-10-20; 20:15:48; 442; 6; 19.71; 986.7642578125; 55.1923828125
2025-10-20; 20:16:48; 442; 6; 19.68; 986.7878515625; 55.201171875
2025-10-20; 20:17:48; 434; 5; 19.61; 986.81578125; 55.3701171875
2025-10-20; 20:18:48; 442; 6; 19.7; 986.728671875; 55.1923828125
2025-10-20; 20:19:48; 457; 8; 19.77; 986.6373828125; 55.0322265625
2025-10-20; 20:20:48; 454; 8; 19.78; 986.7441796875; 55.046875
2025-10-20; 20:21:48; 454; 8; 19.84; 986.6371484375; 54.830078125
2025-10-20; 20:22:48; 457; 8; 19.74; 986.5976953125; 54.9970703125
2025-10-20; 20:23:48; 454; 8; 19.82; 986.633046875; 54.8837890625
2025-10-20; 20:24:48; 447; 7; 19.81; 986.6528515625; 54.7822265625
2025-10-20; 20:25:48; 447; 7; 19.75; 986.5580078125; 54.96484375
2025-10-20; 20:26:48; 454; 8; 19.76; 986.759921875; 54.9541015625
2025-10-20; 20:27:48; 454; 8; 19.7; 986.6732421875; 55.1142578125
2025-10-20; 20:28:48; 448; 32775; 19.66; 986.6455078125; 55.1650390625
2025-10-20; 20:29:48; 454; 8; 19.74; 986.645234375; 55.140625
2025-10-20; 20:30:48; 442; 6; 19.66; 986.7484375; 55.2080078125
2025-10-20; 20:31:48; 438; 5; 19.64; 986.613984375; 55.3076171875
2025-10-20; 20:32:48; 442; 6; 19.68; 986.6216015625; 55.22265625
2025-10-20; 20:33:48; 433; 5; 19.61; 986.61390625; 55.40234375
2025-10-20; 20:34:48; 426; 3; 19.66; 986.4791796875; 55.17578125
2025-10-20; 20:35:48; 426; 3; 19.6; 986.63375; 55.4345703125
2025-10-20; 20:36:48; 434; 5; 19.63; 986.5071875; 55.349609375
2025-10-20; 20:37:48; 442; 6; 19.62; 986.4634375; 55.1591796875
2025-10-20; 20:38:49; 442; 6; 19.56; 986.431875; 55.44140625
2025-10-20; 20:39:49; 442; 6; 19.59; 986.479453125; 55.423828125
2025-10-20; 20:40:49; 438; 5; 19.6; 986.4675; 55.3681640625
2025-10-20; 20:41:49; 442; 6; 19.67; 986.4316796875; 55.142578125
2025-10-20; 20:42:49; 447; 7; 19.7; 986.4990625; 55.0908203125
2025-10-20; 20:43:49; 448; 7; 19.7; 986.47921875; 54.9921875
2025-10-20; 20:44:49; 454; 8; 19.59; 986.443828125; 55.388671875
2025-10-20; 20:45:49; 457; 8; 19.59; 986.4517578125; 55.345703125
2025-10-20; 20:46:49; 454; 8; 19.61; 986.503046875; 55.291015625
2025-10-20; 20:47:49; 457; 8; 19.61; 986.4832421875; 55.3818359375
2025-10-20; 20:48:49; 461; 9; 19.61; 986.5584765625; 55.302734375
2025-10-20; 20:49:49; 463; 9; 19.62; 986.4712890625; 55.3486328125
2025-10-20; 20:50:49; 463; 9; 19.6; 986.522890625; 55.279296875
2025-10-20; 20:51:49; 463; 9; 19.6; 986.550625; 55.3681640625
2025-10-20; 20:52:49; 461; 9; 19.63; 986.5427734375; 55.2841796875
2025-10-20; 20:53:49; 463; 9; 19.59; 986.479453125; 55.4345703125
2025-10-20; 20:54:49; 476; 11; 19.66; 986.451484375; 55.1875
2025-10-20; 20:55:49; 476; 11; 19.68; 986.4196875; 55.177734375
2025-10-20; 20:56:49; 463; 9; 19.61; 986.503046875; 55.435546875
2025-10-20; 20:57:49; 463; 9; 19.64; 986.4675390625; 55.328125
2025-10-20; 20:58:49; 461; 9; 19.68; 986.4830078125; 55.3232421875
2025-10-20; 20:59:49; 457; 8; 19.67; 986.4316796875; 55.220703125
2025-10-20; 21:00:49; 461; 9; 19.67; 986.4316796875; 55.25390625
2025-10-20; 21:01:49; 461; 9; 19.68; 986.3721484375; 55.255859375
2025-10-20; 21:02:49; 457; 8; 19.59; 986.4517578125; 55.4453125
2025-10-20; 21:03:49; 448; 7; 19.56; 986.570390625; 55.5966796875
2025-10-20; 21:04:49; 444; 6; 19.54; 986.53859375; 55.6943359375
2025-10-20; 21:05:49; 442; 6; 19.58; 986.6022265625; 55.5986328125
2025-10-20; 21:06:49; 433; 5; 19.53; 986.5149609375; 55.7470703125
2025-10-20; 21:07:49; 433; 5; 19.56; 986.4595703125; 55.607421875
2025-10-20; 21:08:49; 433; 5; 19.56; 986.4239453125; 55.6171875
2025-10-20; 21:09:49; 423; 3; 19.57; 986.4674609375; 55.6201171875
2025-10-20; 21:10:49; 423; 3; 19.57; 986.5228515625; 55.6640625
2025-10-20; 21:11:49; 422; 3; 19.53; 986.45953125; 55.736328125
2025-10-20; 21:12:49; 418; 2; 19.54; 986.53859375; 55.783203125
2025-10-20; 21:13:49; 416; 2; 19.58; 986.4558203125; 55.5869140625
2025-10-20; 21:14:49; 413; 1; 19.56; 986.39625; 55.662109375
2025-10-20; 21:15:49; 422; 3; 19.53; 986.5149609375; 55.6806640625
2025-10-20; 21:16:49; 434; 5; 19.53; 986.4318359375; 55.6142578125
2025-10-20; 21:17:49; 442; 6; 19.56; 986.507109375; 55.728515625
2025-10-20; 21:18:49; 444; 6; 19.52; 986.3962109375; 55.69140625
2025-10-20; 21:19:49; 457; 8; 19.53; 986.37640625; 55.658203125
2025-10-20; 21:20:49; 457; 8; 19.57; 986.4201953125; 55.6083984375
2025-10-20; 21:21:50; 463; 9; 19.55; 986.360390625; 55.5400390625
2025-10-20; 21:22:50; 466; 10; 19.6; 986.4319140625; 55.53515625
2025-10-20; 21:23:50; 470; 10; 19.59; 986.4161328125; 55.3115234375
2025-10-20; 21:24:50; 483; 12; 19.57; 986.4397265625; 55.419921875
2025-10-20; 21:25:50; 486; 13; 19.48; 986.47140625; 55.6640625
2025-10-20; 21:26:50; 500; 15; 19.48; 986.416015625; 55.73046875
2025-10-20; 21:27:50; 508; 16; 19.51; 986.38046875; 55.544921875
2025-10-20; 21:28:50; 517; 17; 19.47; 986.4556640625; 55.7958984375
2025-10-20; 21:29:50; 529; 19; 19.46; 986.467578125; 55.8173828125
2025-10-20; 21:30:50; 533; 20; 19.57; 986.3925; 55.498046875
2025-10-20; 21:31:50; 539; 21; 19.6; 986.376484375; 55.412109375
2025-10-20; 21:32:50; 542; 21; 19.63; 986.3686328125; 55.3603515625
2025-10-20; 21:33:50; 552; 23; 19.59; 986.3131640625; 55.3232421875
2025-10-20; 21:34:50; 572; 26; 19.61; 986.36453125; 55.26953125
2025-10-20; 21:35:50; 580; 27; 19.62; 986.332734375; 55.2255859375
2025-10-20; 21:36:50; 580; 27; 19.57; 986.49515625; 55.419921875
2025-10-20; 21:37:50; 572; 26; 19.53; 986.4119921875; 55.591796875
2025-10-20; 21:38:50; 577; 26; 19.56; 986.431875; 55.462890625
2025-10-20; 21:39:50; 577; 26; 19.6; 986.439765625; 55.4794921875
2025-10-20; 21:40:50; 586; 28; 19.6; 986.4319140625; 55.357421875
2025-10-20; 21:41:50; 580; 27; 19.54; 986.3367578125; 55.5927734375
2025-10-20; 21:42:50; 586; 28; 19.56; 986.2854296875; 55.4951171875
2025-10-20; 21:43:50; 594; 29; 19.63; 986.1825; 55.2392578125
2025-10-20; 21:44:50; 591; 29; 19.63; 986.2933984375; 55.2392578125
2025-10-20; 21:45:50; 580; 27; 19.56; 986.2379296875; 55.4189453125
2025-10-20; 21:46:50; 600; 30; 19.66; 986.2496484375; 55.2080078125
2025-10-20; 21:47:50; 591; 29; 19.6; 986.2656640625; 55.3681640625
2025-10-20; 21:48:50; 586; 28; 19.61; 986.2615625; 55.3037109375
2025-10-20; 21:49:50; 580; 27; 19.61; 986.233828125; 55.326171875
2025-10-20; 21:50:50; 577; 26; 19.6; 986.2379296875; 55.3125
2025-10-20; 21:51:50; 577; 26; 19.61; 986.253671875; 55.369140625
2025-10-20; 21:52:50; 586; 28; 19.63; 986.230078125; 55.171875
2025-10-20; 21:53:50; 580; 27; 19.63; 986.313203125; 55.2607421875
2025-10-20; 21:54:50; 586; 28; 19.65; 986.2615625; 55.1962890625
2025-10-20; 21:55:50; 591; 29; 19.61; 986.336796875; 55.3251953125
2025-10-20; 21:56:50; 591; 29; 19.6; 986.273515625; 55.3017578125
2025-10-20; 21:57:50; 591; 29; 19.6; 986.273515625; 55.2568359375
2025-10-20; 21:58:50; 605; 31; 19.65; 986.2694921875; 55.09765625
2025-10-20; 21:59:50; 614; 32; 19.6; 986.2379296875; 55.2236328125
2025-10-20; 22:00:50; 614; 32; 19.6; 986.210234375; 55.267578125
2025-10-20; 22:01:50; 623; 33; 19.61; 986.3091015625; 55.046875
2025-10-20; 22:02:50; 634; 35; 19.6; 986.210234375; 55.2236328125
2025-10-20; 22:03:50; 640; 36; 19.57; 986.24578125; 55.2978515625
2025-10-20; 22:04:51; 643; 37; 19.53; 986.1903515625; 55.34765625
2025-10-20; 22:05:51; 656; 39; 19.58; 986.24203125; 55.19921875
2025-10-20; 22:06:51; 660; 39; 19.51; 986.241953125; 55.400390625
2025-10-20; 22:07:51; 672; 41; 19.56; 986.257734375; 55.33984375
2025-10-20; 22:08:51; 690; 44; 19.58; 986.20640625; 55.1650390625
2025-10-20; 22:09:51; 682; 42; 19.54; 986.20609375; 55.283203125
2025-10-20; 22:10:51; 690; 44; 19.59; 986.1390625; 55.0888671875
2025-10-20; 22:11:51; 702; 46; 19.58; 986.15890625; 55.19921875
2025-10-20; 22:12:51; 706; 46; 19.55; 986.1308203125; 55.240234375
2025-10-20; 22:13:51; 712; 47; 19.52; 986.222109375; 55.2802734375
2025-10-20; 22:14:51; 712; 47; 19.52; 986.1191796875; 55.26953125
2025-10-20; 22:15:51; 719; 48; 19.53; 986.1547265625; 55.1806640625
2025-10-20; 22:16:51; 733; 50; 19.46; 986.21828125; 55.361328125
2025-10-20; 22:17:51; 749; 53; 19.54; 986.20609375; 55.0283203125
2025-10-20; 22:18:51; 772; 56; 19.5; 986.2183203125; 55.033203125
2025-10-20; 22:19:51; 793; 59; 19.49; 986.1550390625; 54.9208984375
2025-10-20; 22:20:51; 813; 62; 19.5; 986.2183203125; 55.099609375
2025-10-20; 22:21:51; 813; 62; 19.48; 986.2220703125; 55.208984375
2025-10-20; 22:22:51; 819; 63; 19.41; 986.2024609375; 55.2666015625
2025-10-20; 22:23:51; 819; 63; 19.44; 986.2066015625; 55.158203125
2025-10-20; 22:24:51; 830; 65; 19.45; 986.22234375; 55.2265625
2025-10-20; 22:25:51; 840; 67; 19.45; 986.257890625; 55.1611328125
2025-10-20; 22:26:51; 840; 67; 19.39; 986.2184765625; 55.3857421875
2025-10-20; 22:27:51; 848; 68; 19.36; 986.19890625; 55.3154296875
2025-10-20; 22:28:51; 863; 70; 19.45; 986.2301953125; 55.1162109375
2025-10-20; 22:29:51; 882; 73; 19.49; 986.2935546875; 54.8876953125
2025-10-20; 22:30:51; 897; 75; 19.44; 986.2698828125; 54.837890625
2025-10-20; 22:31:51; 902; 76; 19.45; 986.277734375; 54.8486328125
2025-10-20; 22:32:51; 933; 81; 19.36; 986.2898828125; 54.9501953125
2025-10-20; 22:33:51; 945; 83; 19.36; 986.3452734375; 54.9619140625
2025-10-20; 22:34:51; 956; 84; 19.35; 986.2659375; 54.958984375
2025-10-20; 22:35:51; 956; 84; 19.36; 986.2819921875; 55.1494140625
2025-10-20; 22:36:51; 945; 83; 19.35; 986.191015625; 55.126953125
2025-10-20; 22:37:51; 927; 80; 19.37; 986.2225390625; 55.07421875
2025-10-20; 22:38:51; 945; 83; 19.36; 986.19890625; 55.048828125
2025-10-20; 22:39:51; 933; 81; 19.26; 986.151484375; 55.2802734375
2025-10-20; 22:40:51; 927; 80; 19.31; 986.092109375; 55.0771484375
2025-10-20; 22:41:51; 927; 80; 19.36; 986.0959765625; 55.0283203125
2025-10-20; 22:42:51; 956; 84; 19.4; 986.1511328125; 54.720703125
2025-10-20; 22:43:51; 927; 80; 19.34; 986.2224609375; 54.935546875
2025-10-20; 22:44:51; 927; 80; 19.31; 986.155390625; 55.0654296875
2025-10-20; 22:45:51; 920; 79; 19.36; 986.1237109375; 54.90625
2025-10-20; 22:46:51; 897; 75; 19.35; 986.044375; 54.9150390625
2025-10-20; 22:47:52; 877; 72; 19.35; 986.099765625; 54.892578125
2025-10-20; 22:48:52; 855; 69; 19.45; 986.000703125; 54.58203125
2025-10-20; 22:49:52; 840; 67; 19.4; 986.0403125; 54.654296875
2025-10-20; 22:50:52; 819; 63; 19.32; 986.0524609375; 54.8115234375
2025-10-20; 22:51:52; 800; 60; 19.29; 986.0883203125; 54.908203125
2025-10-20; 22:52:52; 783; 58; 19.32; 986.0603515625; 54.8447265625
2025-10-20; 22:53:52; 772; 56; 19.4; 986.0205078125; 54.533203125
2025-10-20; 22:54:52; 749; 53; 19.29; 985.9775; 54.8193359375
2025-10-20; 22:55:52; 740; 51; 19.31; 985.898203125; 54.732421875
2025-10-20; 22:56:52; 746; 52; 19.32; 985.913984375; 54.6005859375
2025-10-20; 22:57:52; 740; 51; 19.36; 985.8744140625; 54.6064453125
2025-10-20; 22:58:52; 702; 46; 19.28; 985.9693359375; 54.6962890625
2025-10-20; 22:59:52; 678; 42; 19.32; 985.921875; 54.5673828125
2025-10-20; 23:00:52; 656; 39; 19.3; 985.99328125; 54.59765625
2025-10-20; 23:01:52; 643; 37; 19.28; 985.941640625; 54.6845703125
2025-10-20; 23:02:52; 623; 33; 19.27; 985.925859375; 54.6396484375
2025-10-20; 23:03:52; 614; 32; 19.28; 985.9614453125; 54.5947265625
2025-10-20; 23:04:52; 594; 29; 19.28; 986.0247265625; 54.57421875
2025-10-20; 23:05:52; 580; 27; 19.25; 985.9497265625; 54.6357421875
2025-10-20; 23:06:52; 580; 27; 19.3; 985.8548046875; 54.474609375
2025-10-20; 23:07:52; 577; 26; 19.33; 985.8743359375; 54.3349609375
2025-10-20; 23:08:52; 577; 26; 19.36; 985.89421875; 54.216796875
2025-10-20; 23:09:52; 561; 24; 19.3; 985.8903515625; 54.353515625
2025-10-20; 23:10:52; 561; 24; 19.32; 985.81109375; 54.30078125
2025-10-20; 23:11:52; 556; 23; 19.29; 985.922109375; 54.44140625
2025-10-20; 23:12:52; 548; 22; 19.24; 985.906328125; 54.4912109375
2025-10-20; 23:13:52; 548; 22; 19.26; 985.9299609375; 54.5263671875
2025-10-20; 23:14:52; 539; 21; 19.19; 985.9103125; 54.6064453125
2025-10-20; 23:15:52; 536; 20; 19.18; 985.914375; 54.7041015625
2025-10-20; 23:16:52; 542; 21; 19.21; 985.914140625; 54.46484375
2025-10-20; 23:17:52; 542; 21; 19.18; 985.922265625; 54.638671875
2025-10-20; 23:18:52; 536; 20; 19.26; 985.8745703125; 54.470703125
2025-10-20; 23:19:52; 533; 20; 19.25; 985.894375; 54.4580078125
2025-10-20; 23:20:52; 536; 20; 19.31; 985.787421875; 54.27734375
2025-10-20; 23:21:52; 536; 20; 19.25; 985.8033984375; 54.369140625
2025-10-20; 23:22:52; 533; 20; 19.2; 985.8430078125; 54.4970703125
2025-10-20; 23:23:52; 542; 21; 19.28; 985.7676171875; 54.3056640625
2025-10-20; 23:24:52; 542; 21; 19.23; 985.799609375; 54.3330078125
2025-10-20; 23:25:52; 536; 20; 19.21; 985.7756640625; 54.4755859375
2025-10-20; 23:26:52; 539; 21; 19.2; 985.7243359375; 54.541015625
2025-10-20; 23:27:52; 539; 21; 19.23; 985.7520703125; 54.333984375
2025-10-20; 23:28:52; 542; 21; 19.21; 985.7401171875; 54.4521484375
2025-10-20; 23:29:52; 539; 21; 19.21; 985.74796875; 54.4091796875
