Datum; Uhrzeit; eCO2 (ppm); tVOC (ppb); Temperatur (°C); Luftdruck (hpPa); relative Luftfeuchte (%)
2026-07-20; 02:24:23; 400; 0; 32.01; 1007.2618359375; 23.234375
2026-07-20; 02:25:23; 400; 0; 32.0; 1007.2821875; 23.2578125
2026-07-20; 02:26:24; 406; 0; 31.99; 1007.23796875; 23.267578125
2026-07-20; 02:27:24; 400; 0; 32.01; 1007.3183984375; 23.234375
2026-07-20; 02:28:24; 400; 0; 32.03; 1007.2653515625; 23.224609375
2026-07-20; 02:29:24; 402; 0; 32.02; 1007.2573828125; 23.2236328125
2026-07-20; 02:30:24; 403; 0; 32.04; 1007.25296875; 23.224609375
2026-07-20; 02:31:24; 402; 0; 32.0; 1007.2821875; 23.2109375
2026-07-20; 02:32:24; 403; 0; 32.03; 1007.2653515625; 23.212890625
2026-07-20; 02:33:24; 405; 0; 32.02; 1007.313984375; 23.2353515625
2026-07-20; 02:34:24; 402; 0; 32.02; 1007.334296875; 23.2001953125
2026-07-20; 02:35:24; 403; 0; 32.03; 1007.350234375; 23.212890625
2026-07-20; 02:36:24; 403; 0; 32.02; 1007.277734375; 23.2119140625
2026-07-20; 02:37:24; 405; 0; 32.02; 1007.334296875; 23.234375
2026-07-20; 02:38:24; 400; 0; 32.03; 1007.350234375; 23.212890625
2026-07-20; 02:39:24; 400; 0; 32.02; 1007.306015625; 23.2119140625
2026-07-20; 02:40:24; 403; 0; 32.02; 1007.306015625; 23.2236328125
2026-07-20; 02:41:24; 401; 0; 32.03; 1007.3219140625; 23.212890625
2026-07-20; 02:42:24; 405; 0; 32.01; 1007.269765625; 23.2236328125
2026-07-20; 02:43:24; 400; 0; 32.01; 1007.298046875; 23.234375
2026-07-20; 02:44:24; 403; 0; 32.02; 1007.342265625; 23.2119140625
2026-07-20; 02:45:24; 403; 0; 32.02; 1007.2573828125; 23.2119140625
2026-07-20; 02:46:24; 405; 0; 32.0; 1007.3104296875; 23.234375
2026-07-20; 02:47:24; 402; 0; 31.96; 1007.3030859375; 23.2900390625
2026-07-20; 02:48:24; 402; 0; 32.0; 1007.2821875; 23.2578125
2026-07-20; 02:49:24; 403; 0; 31.99; 1007.3431640625; 23.2333984375
2026-07-20; 02:50:24; 403; 0; 31.98; 1007.2703515625; 23.267578125
2026-07-20; 02:51:24; 403; 0; 31.95; 1007.33578125; 23.265625
2026-07-20; 02:52:24; 403; 0; 32.02; 1007.277734375; 23.234375
2026-07-20; 02:53:24; 403; 0; 31.99; 1007.2945703125; 23.2568359375
2026-07-20; 02:54:24; 402; 0; 31.98; 1007.2786328125; 23.2568359375
2026-07-20; 02:55:24; 400; 0; 31.97; 1007.282734375; 23.255859375
2026-07-20; 02:56:24; 402; 0; 31.94; 1007.3198828125; 23.2890625
2026-07-20; 02:57:24; 405; 0; 31.96; 1007.3234375; 23.30078125
2026-07-20; 02:58:24; 405; 0; 31.95; 1007.2871875; 23.2890625
2026-07-20; 02:59:24; 405; 0; 31.94; 1007.3198828125; 23.3466796875
2026-07-20; 03:00:24; 405; 0; 31.95; 1007.3640625; 23.3232421875
2026-07-20; 03:01:24; 405; 0; 31.92; 1007.344609375; 23.333984375
2026-07-20; 03:02:24; 403; 0; 31.91; 1007.3363671875; 23.3447265625
2026-07-20; 03:03:24; 403; 0; 31.93; 1007.340234375; 23.345703125
2026-07-20; 03:04:24; 403; 0; 31.93; 1007.332265625; 23.310546875
2026-07-20; 03:05:24; 403; 0; 31.91; 1007.3363671875; 23.3447265625
2026-07-20; 03:06:24; 400; 0; 31.88; 1007.401796875; 23.4013671875
2026-07-20; 03:07:24; 403; 0; 31.87; 1007.385859375; 23.400390625
2026-07-20; 03:08:24; 406; 0; 31.86; 1007.4265234375; 23.4228515625
2026-07-20; 03:09:25; 400; 0; 31.91; 1007.3646484375; 23.3564453125
2026-07-20; 03:10:25; 403; 0; 31.91; 1007.4415234375; 23.3447265625
2026-07-20; 03:11:25; 400; 0; 31.9; 1007.4053125; 23.35546875
2026-07-20; 03:12:25; 403; 0; 31.88; 1007.365546875; 23.3662109375
2026-07-20; 03:13:25; 403; 0; 31.9; 1007.4822265625; 23.35546875
2026-07-20; 03:14:25; 400; 0; 31.89; 1007.4380078125; 23.3896484375
2026-07-20; 03:15:25; 403; 0; 31.87; 1007.385859375; 23.388671875
2026-07-20; 03:16:25; 403; 0; 31.87; 1007.406171875; 23.400390625
2026-07-20; 03:17:25; 462; 9; 31.83; 1007.3581640625; 23.43359375
2026-07-20; 03:18:25; 465; 9; 31.83; 1007.3784765625; 23.4443359375
2026-07-20; 03:19:25; 447; 7; 31.83; 1007.4430078125; 23.4443359375
2026-07-20; 03:20:25; 462; 9; 31.84; 1007.47921875; 23.421875
2026-07-20; 03:21:25; 452; 7; 31.82; 1007.4473828125; 23.443359375
2026-07-20; 03:22:25; 462; 9; 31.83; 1007.4916015625; 23.4560546875
2026-07-20; 03:23:25; 452; 7; 31.8; 1007.480078125; 23.4423828125
2026-07-20; 03:24:25; 447; 7; 31.8; 1007.4721484375; 23.4541015625
2026-07-20; 03:25:25; 456; 8; 31.79; 1007.4924609375; 23.4775390625
2026-07-20; 03:26:25; 452; 7; 31.8; 1007.500390625; 23.4892578125
2026-07-20; 03:27:25; 456; 8; 31.79; 1007.4562109375; 23.48828125
2026-07-20; 03:28:25; 456; 8; 31.8; 1007.4721484375; 23.4892578125
2026-07-20; 03:29:25; 465; 9; 31.78; 1007.3837890625; 23.5107421875
2026-07-20; 03:30:25; 456; 8; 31.78; 1007.3837890625; 23.48828125
2026-07-20; 03:31:25; 456; 8; 31.78; 1007.39171875; 23.46484375
2026-07-20; 03:32:25; 444; 6; 31.77; 1007.3389453125; 23.5107421875
2026-07-20; 03:33:25; 447; 7; 31.76; 1007.387578125; 23.521484375
2026-07-20; 03:34:25; 447; 7; 31.73; 1007.4166796875; 23.5205078125
2026-07-20; 03:35:25; 447; 7; 31.74; 1007.432578125; 23.5205078125
2026-07-20; 03:36:25; 452; 7; 31.75; 1007.4564453125; 23.474609375
2026-07-20; 03:37:25; 444; 6; 31.7; 1007.4331640625; 23.564453125
2026-07-20; 03:38:25; 438; 5; 31.69; 1007.4172265625; 23.5751953125
2026-07-20; 03:39:25; 444; 6; 31.71; 1007.44140625; 23.5419921875
2026-07-20; 03:40:25; 444; 6; 31.68; 1007.401328125; 23.5869140625
2026-07-20; 03:41:25; 438; 5; 31.7; 1007.46140625; 23.576171875
2026-07-20; 03:42:25; 447; 7; 31.69; 1007.4375390625; 23.5869140625
2026-07-20; 03:43:25; 433; 5; 31.71; 1007.44140625; 23.576171875
2026-07-20; 03:44:25; 438; 5; 31.7; 1007.4331640625; 23.564453125
2026-07-20; 03:45:25; 438; 5; 31.71; 1007.44140625; 23.5419921875
2026-07-20; 03:46:25; 438; 5; 31.71; 1007.4776171875; 23.564453125
2026-07-20; 03:47:25; 438; 5; 31.7; 1007.51796875; 23.564453125
2026-07-20; 03:48:25; 444; 6; 31.65; 1007.515234375; 23.607421875
2026-07-20; 03:49:25; 433; 5; 31.66; 1007.502890625; 23.6201171875
2026-07-20; 03:50:25; 433; 5; 31.66; 1007.502890625; 23.5849609375
2026-07-20; 03:51:25; 433; 5; 31.68; 1007.6275; 23.609375
2026-07-20; 03:52:26; 427; 4; 31.66; 1007.5391015625; 23.6201171875
2026-07-20; 03:53:26; 433; 5; 31.65; 1007.5797265625; 23.5966796875
2026-07-20; 03:54:26; 433; 5; 31.65; 1007.6000390625; 23.630859375
2026-07-20; 03:55:26; 427; 4; 31.67; 1007.5550390625; 23.59765625
2026-07-20; 03:56:26; 427; 4; 31.57; 1007.6013671875; 23.6728515625
2026-07-20; 03:57:26; 427; 4; 31.62; 1007.608515625; 23.6171875
2026-07-20; 03:58:26; 427; 4; 31.6; 1007.6694921875; 23.6630859375
2026-07-20; 03:59:26; 427; 4; 31.62; 1007.644765625; 23.6640625
2026-07-20; 04:00:26; 427; 4; 31.65; 1007.6848828125; 23.630859375
2026-07-20; 04:01:26; 427; 4; 31.63; 1007.6526953125; 23.65234375
2026-07-20; 04:02:26; 427; 4; 31.6; 1007.697734375; 23.6748046875
2026-07-20; 04:03:26; 427; 4; 31.58; 1007.6658984375; 23.6962890625
2026-07-20; 04:04:26; 423; 3; 31.58; 1007.58109375; 23.6845703125
2026-07-20; 04:05:26; 427; 4; 31.57; 1007.6862109375; 23.71875
2026-07-20; 04:06:26; 423; 3; 31.55; 1007.6743359375; 23.751953125
2026-07-20; 04:07:26; 423; 3; 31.57; 1007.6782421875; 23.6845703125
2026-07-20; 04:08:27; 427; 4; 31.55; 1007.7026171875; 23.7294921875
2026-07-20; 04:09:27; 423; 3; 31.57; 1007.7065234375; 23.70703125
2026-07-20; 04:10:27; 423; 3; 31.56; 1007.6982421875; 23.70703125
2026-07-20; 04:11:27; 423; 3; 31.54; 1007.6946875; 23.751953125
2026-07-20; 04:12:27; 427; 4; 31.51; 1007.6469140625; 23.7626953125
2026-07-20; 04:13:27; 423; 3; 31.52; 1007.71140625; 23.7392578125
2026-07-20; 04:14:27; 423; 3; 31.54; 1007.7229296875; 23.7060546875
2026-07-20; 04:15:27; 423; 3; 31.53; 1007.67078125; 23.7392578125
2026-07-20; 04:16:27; 427; 4; 31.53; 1007.6222265625; 23.716796875
2026-07-20; 04:17:27; 423; 3; 31.55; 1007.7026171875; 23.7177734375
2026-07-20; 04:18:27; 423; 3; 31.52; 1007.7193359375; 23.7509765625
2026-07-20; 04:19:27; 418; 2; 31.5; 1007.6309765625; 23.7724609375
2026-07-20; 04:20:27; 418; 2; 31.49; 1007.69953125; 23.7724609375
2026-07-20; 04:21:27; 423; 3; 31.49; 1007.7278125; 23.7841796875
2026-07-20; 04:22:27; 418; 2; 31.46; 1007.7365625; 23.7939453125
2026-07-20; 04:23:27; 423; 3; 31.5; 1007.7157421875; 23.7841796875
2026-07-20; 04:24:27; 423; 3; 31.49; 1007.6915625; 23.7607421875
2026-07-20; 04:25:27; 418; 2; 31.48; 1007.7321875; 23.783203125
2026-07-20; 04:26:27; 423; 3; 31.48; 1007.7321875; 23.771484375
2026-07-20; 04:27:27; 418; 2; 31.45; 1007.7409375; 23.8046875
2026-07-20; 04:28:27; 418; 2; 31.43; 1007.6887890625; 23.849609375
2026-07-20; 04:29:27; 418; 2; 31.47; 1007.639453125; 23.8056640625
2026-07-20; 04:30:27; 414; 2; 31.46; 1007.6800390625; 23.8056640625
2026-07-20; 04:31:27; 418; 2; 31.4; 1007.7255078125; 23.87109375
2026-07-20; 04:32:28; 418; 2; 31.43; 1007.7087890625; 23.8955078125
2026-07-20; 04:33:28; 418; 2; 31.43; 1007.6805078125; 23.849609375
2026-07-20; 04:34:28; 414; 2; 31.42; 1007.6928515625; 23.8486328125
2026-07-20; 04:35:28; 418; 2; 31.43; 1007.8018359375; 23.8154296875
2026-07-20; 04:36:28; 414; 2; 31.48; 1007.7321875; 23.7939453125
2026-07-20; 04:37:28; 414; 2; 31.41; 1007.79796875; 23.8251953125
2026-07-20; 04:38:28; 414; 2; 31.41; 1007.79796875; 23.8369140625
2026-07-20; 04:39:28; 409; 1; 31.4; 1007.7740625; 23.8251953125
2026-07-20; 04:40:28; 418; 2; 31.4; 1007.7537890625; 23.8486328125
2026-07-20; 04:41:28; 414; 2; 31.42; 1007.77765625; 23.8603515625
2026-07-20; 04:42:28; 409; 1; 31.4; 1007.7175390625; 23.8251953125
2026-07-20; 04:43:28; 409; 1; 31.41; 1007.7334375; 23.8486328125
2026-07-20; 04:44:28; 409; 1; 31.39; 1007.8146484375; 23.8583984375
2026-07-20; 04:45:28; 409; 1; 31.38; 1007.7501953125; 23.8583984375
2026-07-20; 04:46:28; 409; 1; 31.37; 1007.7625390625; 23.869140625
2026-07-20; 04:47:28; 409; 1; 31.39; 1007.76609375; 23.8701171875
2026-07-20; 04:48:28; 407; 1; 31.37; 1007.8110546875; 23.845703125
2026-07-20; 04:49:28; 409; 1; 31.38; 1007.7784375; 23.8583984375
2026-07-20; 04:50:28; 409; 1; 31.36; 1007.79484375; 23.869140625
2026-07-20; 04:51:28; 407; 1; 31.37; 1007.706015625; 23.869140625
2026-07-20; 04:52:28; 407; 1; 31.33; 1007.74703125; 23.9130859375
2026-07-20; 04:53:28; 407; 1; 31.34; 1007.7347265625; 23.890625
2026-07-20; 04:54:28; 409; 1; 31.31; 1007.7796875; 23.923828125
2026-07-20; 04:55:28; 407; 1; 31.31; 1007.7796875; 23.923828125
2026-07-20; 04:56:28; 409; 1; 31.29; 1007.8123046875; 23.9345703125
2026-07-20; 04:57:28; 407; 1; 31.31; 1007.8158984375; 23.9013671875
2026-07-20; 04:58:28; 407; 1; 31.3; 1007.7999609375; 23.9462890625
2026-07-20; 04:59:28; 407; 1; 31.3; 1007.8282421875; 23.9580078125
2026-07-20; 05:00:28; 400; 0; 31.31; 1007.8079296875; 23.947265625
2026-07-20; 05:01:28; 407; 1; 31.3; 1007.7919921875; 23.9228515625
2026-07-20; 05:02:28; 407; 1; 31.28; 1007.852578125; 23.9453125
2026-07-20; 05:03:28; 400; 0; 31.3; 1007.820234375; 23.9345703125
2026-07-20; 05:04:28; 407; 1; 31.26; 1007.9540234375; 23.966796875
2026-07-20; 05:05:28; 400; 0; 31.25; 1007.8612890625; 23.9560546875
2026-07-20; 05:06:28; 400; 0; 31.28; 1007.880859375; 23.9453125
2026-07-20; 05:07:28; 409; 1; 31.27; 1007.856953125; 23.9677734375
2026-07-20; 05:08:28; 402; 0; 31.27; 1007.864921875; 23.95703125
2026-07-20; 05:09:28; 409; 1; 31.23; 1007.942421875; 23.9658203125
2026-07-20; 05:10:28; 409; 1; 31.22; 1007.8411328125; 23.98828125
2026-07-20; 05:11:28; 402; 0; 31.25; 1007.9178125; 23.966796875
2026-07-20; 05:12:28; 402; 0; 31.22; 1007.8411328125; 23.96484375
2026-07-20; 05:13:28; 402; 0; 31.25; 1007.853359375; 23.978515625
2026-07-20; 05:14:29; 402; 0; 31.24; 1007.837421875; 24.0009765625
2026-07-20; 05:15:29; 402; 0; 31.24; 1007.8091796875; 23.9775390625
2026-07-20; 05:16:29; 409; 1; 31.23; 1007.8497265625; 23.9658203125
2026-07-20; 05:17:29; 402; 0; 31.26; 1007.8207421875; 23.9794921875
2026-07-20; 05:18:29; 402; 0; 31.22; 1007.89765625; 23.98828125
2026-07-20; 05:19:29; 400; 0; 31.24; 1007.817109375; 23.9775390625
2026-07-20; 05:20:29; 402; 0; 31.21; 1007.7969921875; 23.9873046875
2026-07-20; 05:21:29; 400; 0; 31.24; 1007.8453515625; 23.955078125
2026-07-20; 05:22:29; 400; 0; 31.22; 1007.75640625; 23.9765625
2026-07-20; 05:23:29; 400; 0; 31.23; 1007.87796875; 23.9423828125
2026-07-20; 05:24:29; 400; 0; 31.21; 1007.8534765625; 23.96484375
2026-07-20; 05:25:29; 405; 0; 31.23; 1007.8497265625; 23.98828125
2026-07-20; 05:26:29; 405; 0; 31.22; 1007.869375; 23.98828125
2026-07-20; 05:27:29; 405; 0; 31.18; 1007.8904296875; 23.998046875
2026-07-20; 05:28:29; 400; 0; 31.2; 1007.88609375; 24.009765625
2026-07-20; 05:29:29; 405; 0; 31.22; 1007.946171875; 23.9765625
2026-07-20; 05:30:29; 405; 0; 31.18; 1008.0316796875; 24.009765625
2026-07-20; 05:31:29; 400; 0; 31.22; 1008.0309375; 23.9765625
2026-07-20; 05:32:29; 403; 0; 31.2; 1007.9990625; 23.9755859375
2026-07-20; 05:33:29; 403; 0; 31.19; 1007.9831640625; 23.998046875
2026-07-20; 05:34:29; 400; 0; 31.24; 1008.03515625; 23.931640625
2026-07-20; 05:35:29; 400; 0; 31.21; 1008.04328125; 23.96484375
2026-07-20; 05:36:29; 413; 1; 31.19; 1008.019375; 23.9521484375
2026-07-20; 05:37:29; 408; 1; 31.19; 1008.019375; 23.9755859375
2026-07-20; 05:38:29; 408; 1; 31.16; 1008.056328125; 24.01953125
2026-07-20; 05:39:29; 405; 0; 31.17; 1008.0077734375; 24.0087890625
2026-07-20; 05:40:29; 405; 0; 31.16; 1008.056328125; 24.0087890625
2026-07-20; 05:41:29; 408; 1; 31.16; 1007.96328125; 24.01953125
2026-07-20; 05:42:29; 405; 0; 31.16; 1007.96328125; 24.01953125
2026-07-20; 05:43:29; 400; 0; 31.14; 1008.016171875; 24.0302734375
2026-07-20; 05:44:29; 408; 1; 31.16; 1007.96328125; 23.99609375
2026-07-20; 05:45:29; 405; 0; 31.15; 1007.9553515625; 23.99609375
2026-07-20; 05:46:29; 405; 0; 31.19; 1007.9831640625; 23.9638671875
2026-07-20; 05:47:29; 400; 0; 31.23; 1007.9909765625; 23.896484375
2026-07-20; 05:48:29; 405; 0; 31.16; 1007.9998046875; 23.9736328125
2026-07-20; 05:49:29; 405; 0; 31.17; 1008.072265625; 23.9736328125
2026-07-20; 05:50:29; 405; 0; 31.22; 1008.0671875; 23.9189453125
2026-07-20; 05:51:29; 405; 0; 31.2; 1008.1403515625; 23.9296875
2026-07-20; 05:52:29; 408; 1; 31.22; 1008.0309375; 23.9189453125
2026-07-20; 05:53:29; 403; 0; 31.23; 1008.0757421875; 23.896484375
2026-07-20; 05:54:29; 403; 0; 31.21; 1008.04328125; 23.9189453125
2026-07-20; 05:55:29; 403; 0; 31.22; 1008.0874609375; 23.896484375
2026-07-20; 05:56:29; 408; 1; 31.18; 1008.13671875; 23.939453125
2026-07-20; 05:57:30; 403; 0; 31.22; 1008.0874609375; 23.873046875
2026-07-20; 05:58:30; 403; 0; 31.23; 1008.0475; 23.896484375
2026-07-20; 05:59:30; 403; 0; 31.25; 1008.08734375; 23.8408203125
2026-07-20; 06:00:30; 403; 0; 31.26; 1008.151796875; 23.8525390625
2026-07-20; 06:01:30; 403; 0; 31.25; 1008.0793359375; 23.86328125
2026-07-20; 06:02:30; 403; 0; 31.28; 1008.070625; 23.830078125
2026-07-20; 06:03:30; 403; 0; 31.3; 1008.1028125; 23.80859375
2026-07-20; 06:04:30; 403; 0; 31.28; 1008.1271484375; 23.8076171875
2026-07-20; 06:05:30; 403; 0; 31.31; 1008.11875; 23.7861328125
2026-07-20; 06:06:30; 403; 0; 31.29; 1008.151328125; 23.7734375
2026-07-20; 06:07:30; 403; 0; 31.36; 1008.1339453125; 23.6962890625
2026-07-20; 06:08:30; 403; 0; 31.31; 1008.12671875; 23.740234375
2026-07-20; 06:09:30; 403; 0; 31.36; 1008.1983984375; 23.7197265625
2026-07-20; 06:10:30; 403; 0; 31.35; 1008.1824609375; 23.71875
2026-07-20; 06:11:30; 408; 1; 31.44; 1008.1206640625; 23.5966796875
2026-07-20; 06:12:30; 411; 1; 31.53; 1008.1592578125; 23.498046875
2026-07-20; 06:13:30; 408; 1; 31.58; 1008.1464453125; 23.4423828125
2026-07-20; 06:14:30; 411; 1; 31.64; 1008.12921875; 23.365234375
2026-07-20; 06:15:30; 411; 1; 31.73; 1008.188046875; 23.2783203125
2026-07-20; 06:16:30; 416; 2; 31.8; 1008.2153125; 23.189453125
2026-07-20; 06:17:30; 416; 2; 31.9; 1008.2175390625; 23.0908203125
2026-07-20; 06:18:30; 411; 1; 31.92; 1008.14453125; 23.0341796875
2026-07-20; 06:19:30; 416; 2; 32.0; 1008.15109375; 22.9453125
2026-07-20; 06:20:30; 418; 2; 32.07; 1008.2425; 22.880859375
2026-07-20; 06:21:30; 418; 2; 32.16; 1008.2083984375; 22.78125
2026-07-20; 06:22:30; 418; 2; 32.2; 1008.21578125; 22.7021484375
2026-07-20; 06:23:30; 425; 3; 32.3; 1008.1771484375; 22.591796875
2026-07-20; 06:24:30; 425; 3; 32.36; 1008.1600390625; 22.5029296875
2026-07-20; 06:25:30; 425; 3; 32.47; 1008.2631640625; 22.4033203125
2026-07-20; 06:26:30; 425; 3; 32.56; 1008.2934765625; 22.29296875
2026-07-20; 06:27:30; 425; 3; 32.63; 1008.1866015625; 22.193359375
2026-07-20; 06:28:30; 425; 3; 32.72; 1008.22921875; 22.0927734375
2026-07-20; 06:29:30; 425; 3; 32.81; 1008.23140625; 22.0048828125
2026-07-20; 06:30:30; 425; 3; 32.91; 1008.249453125; 21.87109375
2026-07-20; 06:31:30; 427; 4; 33.04; 1008.1451953125; 21.7275390625
2026-07-20; 06:32:30; 427; 4; 33.13; 1008.223984375; 21.6279296875
2026-07-20; 06:33:30; 427; 4; 33.21; 1008.2948046875; 21.5390625
2026-07-20; 06:34:30; 427; 4; 33.33; 1008.2878515625; 21.4169921875
2026-07-20; 06:35:30; 427; 4; 33.4; 1008.3067578125; 21.3271484375
2026-07-20; 06:36:30; 427; 4; 33.53; 1008.2508984375; 21.1953125
2026-07-20; 06:37:30; 434; 5; 33.63; 1008.1265625; 21.083984375
2026-07-20; 06:38:30; 434; 5; 33.77; 1008.171484375; 20.9287109375
2026-07-20; 06:39:30; 434; 5; 33.88; 1008.21296875; 20.8056640625
2026-07-20; 06:40:31; 434; 5; 34.01; 1008.27859375; 20.6728515625
2026-07-20; 06:41:31; 439; 5; 34.14; 1008.3075; 20.5166015625
2026-07-20; 06:42:31; 434; 5; 34.28; 1008.3521875; 20.3837890625
2026-07-20; 06:43:31; 439; 5; 34.42; 1008.3483203125; 20.2275390625
2026-07-20; 06:44:31; 439; 5; 34.53; 1008.260078125; 20.0927734375
2026-07-20; 06:45:31; 444; 6; 34.72; 1008.3066796875; 19.927734375
2026-07-20; 06:46:31; 444; 6; 34.89; 1008.3626953125; 19.7724609375
2026-07-20; 06:47:31; 448; 7; 35.01; 1008.30625; 19.638671875
2026-07-20; 06:48:31; 448; 7; 35.2; 1008.3081640625; 19.5068359375
2026-07-20; 06:49:31; 452; 7; 35.34; 1008.283203125; 19.3154296875
2026-07-20; 06:50:31; 448; 7; 35.51; 1008.2614453125; 19.125
2026-07-20; 06:51:31; 457; 8; 35.68; 1008.29609375; 18.9921875
2026-07-20; 06:52:31; 452; 7; 35.78; 1008.313046875; 18.8916015625
2026-07-20; 06:53:31; 457; 8; 35.94; 1008.36046875; 18.7001953125
2026-07-20; 06:54:31; 457; 8; 36.14; 1008.3083203125; 18.568359375
2026-07-20; 06:55:31; 475; 11; 36.27; 1008.299765625; 18.43359375
2026-07-20; 06:56:31; 463; 9; 36.46; 1008.28078125; 18.3134765625
2026-07-20; 06:57:31; 478; 11; 36.57; 1008.3208203125; 18.1083984375
2026-07-20; 06:58:31; 475; 11; 36.72; 1008.266484375; 18.0322265625
2026-07-20; 06:59:31; 478; 11; 36.87; 1008.2975390625; 17.8984375
2026-07-20; 07:00:31; 466; 10; 37.02; 1008.2996484375; 17.787109375
2026-07-20; 07:01:31; 475; 11; 37.19; 1008.4062109375; 17.630859375
2026-07-20; 07:02:31; 475; 11; 37.3; 1008.3733984375; 17.482421875
2026-07-20; 07:03:31; 466; 10; 37.45; 1008.3549609375; 17.3955078125
2026-07-20; 07:04:31; 475; 11; 37.59; 1008.369453125; 17.236328125
2026-07-20; 07:05:31; 485; 12; 37.73; 1008.3632421875; 17.1015625
2026-07-20; 07:06:31; 478; 11; 37.91; 1008.3193359375; 16.9912109375
2026-07-20; 07:07:31; 485; 12; 38.04; 1008.390703125; 16.8203125
2026-07-20; 07:08:31; 495; 14; 38.23; 1008.3906640625; 16.7216796875
2026-07-20; 07:09:31; 488; 13; 38.4; 1008.4317578125; 16.623046875
2026-07-20; 07:10:31; 495; 14; 38.58; 1008.3663671875; 16.453125
2026-07-20; 07:11:31; 488; 13; 38.75; 1008.42796875; 16.271484375
2026-07-20; 07:12:31; 488; 13; 38.89; 1008.3845703125; 16.1708984375
2026-07-20; 07:13:31; 500; 15; 39.03; 1008.434765625; 16.0234375
2026-07-20; 07:14:31; 485; 12; 39.15; 1008.474296875; 15.9453125
2026-07-20; 07:15:31; 495; 14; 39.28; 1008.487890625; 15.7861328125
2026-07-20; 07:16:31; 500; 15; 39.4; 1008.4125390625; 15.7548828125
2026-07-20; 07:17:31; 500; 15; 39.47; 1008.4296484375; 15.6865234375
2026-07-20; 07:18:31; 495; 14; 39.59; 1008.4558203125; 15.6083984375
2026-07-20; 07:19:31; 495; 14; 39.69; 1008.5412890625; 15.482421875
2026-07-20; 07:20:31; 495; 14; 39.77; 1008.5247265625; 15.3916015625
2026-07-20; 07:21:31; 500; 15; 39.84; 1008.5575; 15.3349609375
2026-07-20; 07:22:31; 495; 14; 39.89; 1008.485625; 15.3720703125
2026-07-20; 07:23:32; 500; 15; 39.98; 1008.5133984375; 15.1875
2026-07-20; 07:24:32; 502; 15; 40.01; 1008.4669140625; 15.234375
2026-07-20; 07:25:32; 502; 15; 40.02; 1008.4622265625; 15.0947265625
2026-07-20; 07:26:32; 502; 15; 40.07; 1008.484140625; 15.060546875
2026-07-20; 07:27:32; 502; 15; 40.18; 1008.5358203125; 15.0634765625
2026-07-20; 07:28:32; 500; 15; 40.15; 1008.467734375; 15.0166015625
2026-07-20; 07:29:32; 502; 15; 40.16; 1008.4262109375; 15.0869140625
2026-07-20; 07:30:32; 500; 15; 40.28; 1008.464609375; 15.0087890625
2026-07-20; 07:31:32; 500; 15; 40.38; 1008.471796875; 14.8818359375
2026-07-20; 07:32:32; 502; 15; 40.38; 1008.53703125; 14.9052734375
2026-07-20; 07:33:32; 500; 15; 40.51; 1008.534453125; 14.8984375
2026-07-20; 07:34:32; 515; 17; 40.51; 1008.5057421875; 14.7802734375
2026-07-20; 07:35:32; 515; 17; 40.56; 1008.5194140625; 14.7353515625
2026-07-20; 07:36:32; 515; 17; 40.7; 1008.4621875; 14.6572265625
2026-07-20; 07:37:32; 502; 15; 40.7; 1008.5482421875; 14.6806640625
2026-07-20; 07:38:32; 515; 17; 40.81; 1008.50546875; 14.5537109375
2026-07-20; 07:39:32; 515; 17; 40.9; 1008.5332421875; 14.486328125
2026-07-20; 07:40:32; 500; 15; 40.99; 1008.532265625; 14.4306640625
2026-07-20; 07:41:32; 502; 15; 41.04; 1008.57453125; 14.408203125
2026-07-20; 07:42:32; 515; 17; 41.04; 1008.496328125; 14.337890625
2026-07-20; 07:43:32; 520; 18; 41.09; 1008.5675390625; 14.3388671875
2026-07-20; 07:44:32; 515; 17; 41.2; 1008.4258203125; 14.189453125
2026-07-20; 07:45:32; 500; 15; 41.35; 1008.5404296875; 14.2529296875
2026-07-20; 07:46:32; 500; 15; 41.42; 1008.5153515625; 14.01953125
2026-07-20; 07:47:32; 500; 15; 41.58; 1008.5591015625; 13.9765625
2026-07-20; 07:48:32; 495; 14; 41.63; 1008.4945703125; 13.966796875
2026-07-20; 07:49:32; 502; 15; 41.67; 1008.55; 13.884765625
2026-07-20; 07:50:32; 500; 15; 41.86; 1008.5262890625; 13.7958984375
2026-07-20; 07:51:32; 500; 15; 42.0; 1008.5831640625; 13.6826171875
2026-07-20; 07:52:32; 495; 14; 41.99; 1008.538359375; 13.669921875
2026-07-20; 07:53:32; 500; 15; 42.1; 1008.618046875; 13.5908203125
2026-07-20; 07:54:32; 500; 15; 42.16; 1008.5694140625; 13.544921875
2026-07-20; 07:55:32; 495; 14; 42.33; 1008.5788671875; 13.396484375
2026-07-20; 07:56:32; 500; 15; 42.46; 1008.5958203125; 13.2587890625
2026-07-20; 07:57:32; 500; 15; 42.65; 1008.60046875; 13.251953125
2026-07-20; 07:58:32; 488; 13; 42.7; 1008.6585546875; 13.265625
2026-07-20; 07:59:32; 495; 14; 42.77; 1008.5963671875; 13.0537109375
2026-07-20; 08:00:32; 488; 13; 42.93; 1008.6393359375; 12.9873046875
2026-07-20; 08:01:32; 495; 14; 43.0; 1008.66375; 12.90625
2026-07-20; 08:02:32; 500; 15; 43.14; 1008.6254296875; 12.8515625
2026-07-20; 08:03:32; 500; 15; 43.22; 1008.628515625; 12.7822265625
2026-07-20; 08:04:32; 488; 13; 43.32; 1008.64234375; 12.7021484375
2026-07-20; 08:05:32; 495; 14; 43.45; 1008.6093359375; 12.6943359375
2026-07-20; 08:06:33; 500; 15; 43.55; 1008.4996875; 12.56640625
2026-07-20; 08:07:33; 495; 14; 43.58; 1008.546875; 12.51953125
2026-07-20; 08:08:33; 500; 15; 43.71; 1008.5500390625; 12.5107421875
2026-07-20; 08:09:33; 488; 13; 43.83; 1008.61640625; 12.443359375
2026-07-20; 08:10:33; 500; 15; 43.94; 1008.5670703125; 12.38671875
2026-07-20; 08:11:33; 495; 14; 44.1; 1008.4940234375; 12.3203125
2026-07-20; 08:12:33; 495; 14; 44.23; 1008.5968359375; 12.2041015625
2026-07-20; 08:13:33; 488; 13; 44.29; 1008.576015625; 12.111328125
2026-07-20; 08:14:33; 500; 15; 44.41; 1008.6287109375; 12.03125
2026-07-20; 08:15:33; 495; 14; 44.53; 1008.62859375; 11.9033203125
2026-07-20; 08:16:33; 488; 13; 44.6; 1008.60265625; 11.9169921875
2026-07-20; 08:17:33; 488; 13; 44.65; 1008.5948828125; 11.8466796875
2026-07-20; 08:18:33; 485; 12; 44.62; 1008.5687890625; 11.96484375
2026-07-20; 08:19:33; 475; 11; 44.73; 1008.6052734375; 11.8134765625
2026-07-20; 08:20:33; 485; 12; 44.78; 1008.5529296875; 11.791015625
2026-07-20; 08:21:33; 485; 12; 44.94; 1008.6103515625; 11.6875
2026-07-20; 08:22:33; 485; 12; 44.9; 1008.5764453125; 11.6865234375
2026-07-20; 08:23:33; 485; 12; 44.84; 1008.655234375; 11.7333984375
2026-07-20; 08:24:33; 475; 11; 44.93; 1008.500234375; 11.69921875
2026-07-20; 08:25:33; 485; 12; 45.18; 1008.6340234375; 11.5986328125
2026-07-20; 08:26:33; 478; 11; 45.25; 1008.591875; 11.6005859375
2026-07-20; 08:27:33; 466; 10; 45.26; 1008.5865234375; 11.494140625
2026-07-20; 08:28:33; 466; 10; 45.41; 1008.604765625; 11.3779296875
2026-07-20; 08:29:33; 485; 12; 45.35; 1008.547109375; 11.400390625
2026-07-20; 08:30:33; 466; 10; 45.51; 1008.625546875; 11.3095703125
2026-07-20; 08:31:33; 478; 11; 45.72; 1008.6223828125; 11.3017578125
2026-07-20; 08:32:33; 475; 11; 45.85; 1008.6822265625; 11.115234375
2026-07-20; 08:33:33; 466; 10; 45.72; 1008.5934765625; 11.1708984375
2026-07-20; 08:34:33; 466; 10; 45.9; 1008.616015625; 11.103515625
2026-07-20; 08:35:33; 463; 9; 45.91; 1008.7184375; 11.068359375
2026-07-20; 08:36:33; 457; 8; 46.16; 1008.691171875; 10.9189453125
2026-07-20; 08:37:33; 452; 7; 46.33; 1008.698046875; 10.83984375
2026-07-20; 08:38:33; 452; 7; 46.43; 1008.6445703125; 10.8056640625
2026-07-20; 08:39:33; 444; 6; 46.39; 1008.6684375; 10.8173828125
2026-07-20; 08:40:33; 444; 6; 46.3; 1008.6507421875; 10.8154296875
2026-07-20; 08:41:33; 439; 5; 46.52; 1008.6782421875; 10.6533203125
2026-07-20; 08:42:33; 439; 5; 46.74; 1008.726640625; 10.55078125
2026-07-20; 08:43:33; 439; 5; 46.85; 1008.775859375; 10.5654296875
2026-07-20; 08:44:33; 439; 5; 47.01; 1008.7373046875; 10.4013671875
2026-07-20; 08:45:33; 439; 5; 47.04; 1008.69765625; 10.390625
2026-07-20; 08:46:33; 427; 4; 47.19; 1008.7435546875; 10.2978515625
2026-07-20; 08:47:33; 427; 4; 47.11; 1008.7785546875; 10.3203125
2026-07-20; 08:48:34; 427; 4; 47.1; 1008.697109375; 10.3310546875
2026-07-20; 08:49:34; 427; 4; 47.18; 1008.7067578125; 10.369140625
2026-07-20; 08:50:34; 425; 3; 47.26; 1008.774609375; 10.275390625
2026-07-20; 08:51:34; 425; 3; 47.38; 1008.8102734375; 10.2177734375
2026-07-20; 08:52:34; 425; 3; 47.54; 1008.821484375; 10.1015625
2026-07-20; 08:53:34; 418; 2; 47.53; 1008.755703125; 10.11328125
2026-07-20; 08:54:34; 416; 2; 47.59; 1008.7341796875; 10.0908203125
2026-07-20; 08:55:34; 411; 1; 47.68; 1008.7804296875; 10.1044921875
2026-07-20; 08:56:34; 416; 2; 47.56; 1008.736796875; 10.138671875
2026-07-20; 08:57:34; 416; 2; 47.75; 1008.8322265625; 10.05859375
2026-07-20; 08:58:34; 411; 1; 47.0; 1008.8296484375; 10.4013671875
2026-07-20; 08:59:34; 400; 0; 45.05; 1008.6815625; 11.5478515625
2026-07-20; 09:00:34; 400; 0; 44.23; 1008.74109375; 12.109375
2026-07-20; 09:01:34; 408; 1; 45.27; 1008.82546875; 11.529296875
2026-07-20; 09:02:34; 415; 2; 46.13; 1008.7387890625; 10.978515625
2026-07-20; 09:03:34; 418; 2; 46.8; 1008.84171875; 10.576171875
2026-07-20; 09:04:34; 423; 3; 47.28; 1008.8058984375; 10.3115234375
2026-07-20; 09:05:34; 426; 3; 47.74; 1008.8166015625; 10.0224609375
2026-07-20; 09:06:34; 423; 3; 47.82; 1008.826015625; 9.98828125
2026-07-20; 09:07:34; 418; 2; 48.15; 1008.8640234375; 9.875
2026-07-20; 09:08:34; 423; 3; 48.21; 1008.8710546875; 9.7685546875
2026-07-20; 09:09:34; 423; 3; 48.38; 1008.8183984375; 9.484375
2026-07-20; 09:10:34; 426; 3; 48.43; 1008.8387890625; 9.6298828125
2026-07-20; 09:11:34; 423; 3; 48.49; 1008.8379296875; 9.6064453125
2026-07-20; 09:12:34; 426; 3; 48.47; 1008.8066796875; 9.6298828125
2026-07-20; 09:13:34; 423; 3; 47.67; 1008.8228125; 10.044921875
2026-07-20; 09:14:34; 426; 3; 48.12; 1008.8539453125; 9.8505859375
2026-07-20; 09:15:34; 433; 5; 48.5; 1008.83234375; 9.619140625
2026-07-20; 09:16:34; 426; 3; 48.29; 1008.8434765625; 9.72265625
2026-07-20; 09:17:34; 408; 1; 46.22; 1008.7644140625; 10.8974609375
2026-07-20; 09:18:34; 400; 0; 44.61; 1008.7340625; 11.8701171875
2026-07-20; 09:19:34; 400; 0; 43.69; 1008.806796875; 12.5458984375
2026-07-20; 09:20:34; 400; 0; 43.12; 1008.76671875; 12.88671875
2026-07-20; 09:21:34; 403; 0; 42.6; 1008.7883203125; 13.2744140625
2026-07-20; 09:22:34; 400; 0; 42.26; 1008.7558984375; 13.5361328125
2026-07-20; 09:23:34; 400; 0; 41.97; 1008.7576171875; 13.716796875
2026-07-20; 09:24:34; 409; 1; 41.8; 1008.784453125; 13.865234375
2026-07-20; 09:25:34; 403; 0; 41.68; 1008.7094140625; 13.9560546875
2026-07-20; 09:26:34; 400; 0; 41.5; 1008.6625390625; 14.080078125
2026-07-20; 09:27:34; 402; 0; 41.34; 1008.7909375; 14.2294921875
2026-07-20; 09:28:34; 400; 0; 41.19; 1008.733671875; 14.3310546875
2026-07-20; 09:29:34; 409; 1; 41.03; 1008.7596484375; 14.478515625
2026-07-20; 09:30:34; 402; 0; 40.86; 1008.8428125; 14.5908203125
2026-07-20; 09:31:35; 402; 0; 40.76; 1008.79921875; 14.6943359375
2026-07-20; 09:32:35; 409; 1; 40.66; 1008.771640625; 14.7734375
2026-07-20; 09:33:35; 409; 1; 40.62; 1008.794296875; 14.8076171875
2026-07-20; 09:34:35; 411; 1; 40.5; 1008.74015625; 14.91015625
2026-07-20; 09:35:35; 416; 2; 40.48; 1008.794296875; 14.9326171875
2026-07-20; 09:36:35; 416; 2; 40.41; 1008.80578125; 14.9423828125
2026-07-20; 09:37:35; 416; 2; 40.4; 1008.8266015625; 14.9775390625
2026-07-20; 09:38:35; 420; 3; 40.34; 1008.8097265625; 15.021484375
2026-07-20; 09:39:35; 416; 2; 40.19; 1008.7522265625; 15.146484375
2026-07-20; 09:40:35; 420; 3; 40.17; 1008.8352734375; 15.169921875
2026-07-20; 09:41:35; 416; 2; 40.1; 1008.89640625; 15.2138671875
2026-07-20; 09:42:35; 416; 2; 40.06; 1008.83296875; 15.248046875
2026-07-20; 09:43:35; 416; 2; 40.0; 1008.8522265625; 15.29296875
2026-07-20; 09:44:35; 420; 3; 39.9; 1008.8165234375; 15.3486328125
2026-07-20; 09:45:35; 420; 3; 39.91; 1008.889609375; 15.373046875
2026-07-20; 09:46:35; 420; 3; 39.82; 1008.8409765625; 15.4404296875
2026-07-20; 09:47:35; 416; 2; 39.79; 1008.8792578125; 15.474609375
2026-07-20; 09:48:35; 420; 3; 39.82; 1008.8330859375; 15.4638671875
2026-07-20; 09:49:35; 416; 2; 39.83; 1008.84890625; 15.4287109375
2026-07-20; 09:50:35; 420; 3; 39.76; 1008.8812109375; 15.4619140625
2026-07-20; 09:51:35; 416; 2; 39.79; 1008.7854296875; 15.462890625
2026-07-20; 09:52:35; 416; 2; 39.73; 1008.8701171875; 15.51953125
2026-07-20; 09:53:35; 416; 2; 39.72; 1008.875; 15.5185546875
2026-07-20; 09:54:35; 411; 1; 39.62; 1008.818515625; 15.59765625
2026-07-20; 09:55:35; 411; 1; 39.57; 1008.8455078125; 15.6669921875
2026-07-20; 09:56:35; 411; 1; 39.48; 1008.817578125; 15.6982421875
2026-07-20; 09:57:35; 409; 1; 39.45; 1008.827109375; 15.7451171875
2026-07-20; 09:58:35; 411; 1; 39.31; 1008.87078125; 15.869140625
2026-07-20; 09:59:35; 416; 2; 39.27; 1008.8362109375; 15.8916015625
2026-07-20; 10:00:35; 416; 2; 39.27; 1008.872734375; 15.8798828125
2026-07-20; 10:01:35; 416; 2; 39.26; 1008.763203125; 15.890625
2026-07-20; 10:02:35; 411; 1; 39.2; 1008.84765625; 15.900390625
2026-07-20; 10:03:35; 411; 1; 39.22; 1008.842734375; 15.9365234375
2026-07-20; 10:04:35; 411; 1; 39.19; 1008.76640625; 15.947265625
2026-07-20; 10:05:35; 411; 1; 39.16; 1008.8906640625; 16.0048828125
2026-07-20; 10:06:35; 411; 1; 39.17; 1008.8492578125; 15.9580078125
2026-07-20; 10:07:35; 411; 1; 39.1; 1008.8603515625; 15.978515625
2026-07-20; 10:08:35; 409; 1; 39.04; 1008.851015625; 16.0478515625
2026-07-20; 10:09:35; 402; 0; 39.04; 1008.7730859375; 16.0478515625
2026-07-20; 10:10:35; 402; 0; 39.05; 1008.8178515625; 16.0595703125
2026-07-20; 10:11:35; 406; 0; 39.02; 1008.7987109375; 16.0703125
2026-07-20; 10:12:35; 403; 0; 39.01; 1008.74640625; 16.09375
2026-07-20; 10:13:35; 405; 0; 38.97; 1008.7973046875; 16.103515625
2026-07-20; 10:14:36; 405; 0; 39.02; 1008.7987109375; 16.0703125
2026-07-20; 10:15:36; 403; 0; 38.95; 1008.765703125; 16.1376953125
2026-07-20; 10:16:36; 403; 0; 38.92; 1008.811953125; 16.1259765625
2026-07-20; 10:17:36; 405; 0; 38.81; 1008.759765625; 16.2041015625
2026-07-20; 10:18:36; 400; 0; 38.83; 1008.7913671875; 16.193359375
2026-07-20; 10:19:36; 400; 0; 38.8; 1008.7360546875; 16.1796875
2026-07-20; 10:20:36; 400; 0; 38.85; 1008.7375; 16.169921875
2026-07-20; 10:21:36; 405; 0; 38.78; 1008.7901953125; 16.2607421875
2026-07-20; 10:22:36; 400; 0; 38.8; 1008.7646484375; 16.203125
2026-07-20; 10:23:36; 405; 0; 38.77; 1008.8678125; 16.1904296875
2026-07-20; 10:24:36; 400; 0; 38.68; 1008.7248828125; 16.234375
2026-07-20; 10:25:36; 400; 0; 38.7; 1008.834375; 16.2353515625
2026-07-20; 10:26:36; 403; 0; 38.71; 1008.6503515625; 16.2353515625
2026-07-20; 10:27:36; 405; 0; 38.68; 1008.774140625; 16.26953125
2026-07-20; 10:28:36; 407; 1; 38.67; 1008.68046875; 16.28125
2026-07-20; 10:29:36; 402; 0; 38.69; 1008.7978515625; 16.24609375
2026-07-20; 10:30:36; 402; 0; 38.61; 1008.8346875; 16.3369140625
2026-07-20; 10:31:36; 402; 0; 38.54; 1008.7966796875; 16.3818359375
2026-07-20; 10:32:36; 406; 0; 38.48; 1008.844375; 16.4033203125
2026-07-20; 10:33:36; 403; 0; 38.48; 1008.865078125; 16.4501953125
2026-07-20; 10:34:36; 403; 0; 38.45; 1008.903359375; 16.42578125
2026-07-20; 10:35:36; 405; 0; 38.53; 1008.858671875; 16.3818359375
2026-07-20; 10:36:36; 400; 0; 38.56; 1008.791796875; 16.3359375
2026-07-20; 10:37:36; 403; 0; 38.6; 1008.883984375; 16.2900390625
2026-07-20; 10:38:36; 400; 0; 38.61; 1008.7854296875; 16.3134765625
2026-07-20; 10:39:36; 400; 0; 38.62; 1008.82984375; 16.302734375
2026-07-20; 10:40:36; 400; 0; 38.54; 1008.7966796875; 16.3232421875
2026-07-20; 10:41:36; 403; 0; 38.5; 1008.7619921875; 16.380859375
2026-07-20; 10:42:36; 403; 0; 38.5; 1008.7619921875; 16.392578125
2026-07-20; 10:43:36; 408; 1; 38.44; 1008.83828125; 16.4248046875
2026-07-20; 10:44:36; 408; 1; 38.36; 1008.8175390625; 16.50390625
2026-07-20; 10:45:36; 400; 0; 38.39; 1008.7509765625; 16.4580078125
2026-07-20; 10:46:36; 408; 1; 38.44; 1008.7811328125; 16.4365234375
2026-07-20; 10:47:36; 400; 0; 38.5; 1008.7619921875; 16.404296875
2026-07-20; 10:48:36; 408; 1; 38.38; 1008.771640625; 16.4814453125
2026-07-20; 10:49:36; 413; 1; 38.39; 1008.7795703125; 16.4814453125
2026-07-20; 10:50:36; 408; 1; 38.43; 1008.8793359375; 16.4716796875
2026-07-20; 10:51:36; 408; 1; 38.42; 1008.806328125; 16.494140625
2026-07-20; 10:52:36; 400; 0; 38.33; 1008.83515625; 16.5146484375
2026-07-20; 10:53:36; 400; 0; 38.3; 1008.78765625; 16.560546875
2026-07-20; 10:54:36; 403; 0; 38.3; 1008.7955859375; 16.572265625
2026-07-20; 10:55:36; 405; 0; 38.26; 1008.78125; 16.58203125
2026-07-20; 10:56:36; 400; 0; 38.2; 1008.779296875; 16.5458984375
2026-07-20; 10:57:37; 400; 0; 38.22; 1008.725234375; 16.5576171875
2026-07-20; 10:58:37; 400; 0; 38.18; 1008.80484375; 16.568359375
2026-07-20; 10:59:37; 400; 0; 38.18; 1008.768359375; 16.6025390625
2026-07-20; 11:00:37; 400; 0; 38.19; 1008.812734375; 16.568359375
2026-07-20; 11:01:37; 400; 0; 38.19; 1008.812734375; 16.591796875
2026-07-20; 11:02:37; 402; 0; 38.29; 1008.7715234375; 16.537109375
2026-07-20; 11:03:37; 411; 1; 38.22; 1008.782421875; 16.5927734375
2026-07-20; 11:04:37; 409; 1; 38.24; 1008.7286328125; 16.55859375
2026-07-20; 11:05:37; 418; 2; 38.22; 1008.7744921875; 16.5927734375
2026-07-20; 11:06:37; 411; 1; 38.29; 1008.7144140625; 16.525390625
2026-07-20; 11:07:37; 418; 2; 38.27; 1008.6906640625; 16.5361328125
2026-07-20; 11:08:37; 418; 2; 38.23; 1008.7128125; 16.55859375
2026-07-20; 11:09:37; 421; 3; 38.24; 1008.6350390625; 16.546875
2026-07-20; 11:10:37; 418; 2; 38.18; 1008.6255078125; 16.5908203125
2026-07-20; 11:11:37; 421; 3; 38.1; 1008.612890625; 16.669921875
2026-07-20; 11:12:37; 424; 3; 38.14; 1008.56984375; 16.61328125
2026-07-20; 11:13:37; 418; 2; 38.13; 1008.6889453125; 16.6123046875
2026-07-20; 11:14:37; 409; 1; 38.17; 1008.56046875; 16.5791015625
2026-07-20; 11:15:37; 406; 0; 38.12; 1008.62390625; 16.6123046875
2026-07-20; 11:16:37; 409; 1; 38.08; 1008.5888671875; 16.623046875
2026-07-20; 11:17:37; 406; 0; 38.09; 1008.5396484375; 16.599609375
2026-07-20; 11:18:37; 406; 0; 38.14; 1008.56984375; 16.6015625
2026-07-20; 11:19:37; 406; 0; 38.1; 1008.592265625; 16.6005859375
2026-07-20; 11:20:37; 400; 0; 38.17; 1008.6096875; 16.5205078125
2026-07-20; 11:21:37; 408; 1; 38.11; 1008.62875; 16.5888671875
2026-07-20; 11:22:37; 400; 0; 38.04; 1008.6112890625; 16.609375
2026-07-20; 11:23:37; 400; 0; 38.08; 1008.523828125; 16.529296875
2026-07-20; 11:24:37; 403; 0; 38.21; 1008.59515625; 16.4404296875
2026-07-20; 11:25:37; 400; 0; 38.12; 1008.587421875; 16.4716796875
2026-07-20; 11:26:37; 400; 0; 38.18; 1008.519140625; 16.333984375
2026-07-20; 11:27:37; 400; 0; 38.08; 1008.5317578125; 16.376953125
2026-07-20; 11:28:37; 405; 0; 38.03; 1008.509765625; 16.375
2026-07-20; 11:29:37; 400; 0; 38.09; 1008.4825390625; 16.341796875
2026-07-20; 11:30:37; 405; 0; 38.16; 1008.479296875; 16.2744140625
2026-07-20; 11:31:37; 400; 0; 38.15; 1008.4142578125; 16.2626953125
2026-07-20; 11:32:37; 403; 0; 38.11; 1008.45734375; 16.2607421875
2026-07-20; 11:33:37; 400; 0; 38.03; 1008.509765625; 16.29296875
2026-07-20; 11:34:37; 403; 0; 38.09; 1008.453984375; 16.248046875
2026-07-20; 11:35:37; 400; 0; 38.06; 1008.44296875; 16.2587890625
2026-07-20; 11:36:37; 400; 0; 38.01; 1008.514296875; 16.33984375
2026-07-20; 11:37:37; 408; 1; 38.01; 1008.514296875; 16.3515625
2026-07-20; 11:38:37; 408; 1; 38.05; 1008.5699609375; 16.2705078125
2026-07-20; 11:39:37; 400; 0; 38.02; 1008.444765625; 16.28125
2026-07-20; 11:40:38; 403; 0; 38.05; 1008.4271875; 16.2587890625
2026-07-20; 11:41:38; 402; 0; 38.12; 1008.50171875; 16.19140625
2026-07-20; 11:42:38; 403; 0; 38.08; 1008.46671875; 16.212890625
2026-07-20; 11:43:38; 405; 0; 38.01; 1008.4571875; 16.22265625
2026-07-20; 11:44:38; 403; 0; 38.0; 1008.4619921875; 16.2568359375
2026-07-20; 11:45:38; 403; 0; 38.04; 1008.439921875; 16.2236328125
2026-07-20; 11:46:38; 403; 0; 38.08; 1008.44609375; 16.2138671875
2026-07-20; 11:47:38; 400; 0; 38.03; 1008.3669921875; 16.22265625
2026-07-20; 11:48:38; 408; 1; 38.09; 1008.4050390625; 16.2255859375
2026-07-20; 11:49:38; 417; 2; 38.0; 1008.4905859375; 16.3388671875
2026-07-20; 11:50:38; 426; 3; 37.99; 1008.3890625; 16.3388671875
2026-07-20; 11:51:38; 438; 5; 37.93; 1008.436640625; 16.40625
2026-07-20; 11:52:38; 448; 7; 37.93; 1008.416015625; 16.44140625
2026-07-20; 11:53:38; 455; 8; 37.91; 1008.412890625; 16.37109375
2026-07-20; 11:54:38; 445; 6; 37.96; 1008.4273046875; 16.291015625
2026-07-20; 11:55:38; 441; 6; 38.0; 1008.404921875; 16.2451171875
2026-07-20; 11:56:38; 434; 5; 38.01; 1008.371484375; 16.24609375
2026-07-20; 11:57:38; 441; 6; 38.04; 1008.390703125; 16.2119140625
2026-07-20; 11:58:38; 445; 6; 38.05; 1008.435078125; 16.212890625
2026-07-20; 11:59:38; 438; 5; 38.07; 1008.3937890625; 16.154296875
2026-07-20; 12:00:38; 438; 5; 38.0; 1008.404921875; 16.2451171875
2026-07-20; 12:01:38; 434; 5; 38.07; 1008.373125; 16.130859375
2026-07-20; 12:02:38; 428; 4; 38.01; 1008.371484375; 16.140625
2026-07-20; 12:03:38; 420; 3; 38.01; 1008.400078125; 16.140625
2026-07-20; 12:04:38; 424; 3; 38.09; 1008.425390625; 16.1318359375
2026-07-20; 12:05:38; 410; 1; 38.02; 1008.3223046875; 16.1171875
2026-07-20; 12:06:38; 410; 1; 37.98; 1008.430390625; 16.1396484375
2026-07-20; 12:07:38; 405; 0; 38.0; 1008.4619921875; 16.1396484375
2026-07-20; 12:08:38; 408; 1; 37.96; 1008.406640625; 16.150390625
2026-07-20; 12:09:38; 400; 0; 37.92; 1008.4001953125; 16.1962890625
2026-07-20; 12:10:38; 400; 0; 38.01; 1008.371484375; 16.0703125
2026-07-20; 12:11:38; 400; 0; 38.04; 1008.439921875; 16.0478515625
2026-07-20; 12:12:38; 405; 0; 38.01; 1008.4571875; 16.1171875
2026-07-20; 12:13:38; 410; 1; 38.0; 1008.4413671875; 16.10546875
2026-07-20; 12:14:38; 410; 1; 37.97; 1008.4795703125; 16.1513671875
2026-07-20; 12:15:38; 415; 2; 37.96; 1008.4923046875; 16.185546875
2026-07-20; 12:16:38; 418; 2; 37.94; 1008.4889453125; 16.103515625
2026-07-20; 12:17:38; 423; 3; 37.92; 1008.449375; 16.21875
2026-07-20; 12:18:38; 426; 3; 37.88; 1008.5650390625; 16.2412109375
2026-07-20; 12:19:38; 428; 4; 37.85; 1008.5667578125; 16.251953125
2026-07-20; 12:20:38; 434; 5; 37.87; 1008.4635546875; 16.2294921875
2026-07-20; 12:21:38; 434; 5; 37.94; 1008.4889453125; 16.185546875
2026-07-20; 12:22:38; 438; 5; 37.97; 1008.4716796875; 16.1513671875
2026-07-20; 12:23:39; 438; 5; 37.94; 1008.460390625; 16.1962890625
2026-07-20; 12:24:39; 441; 6; 37.93; 1008.473125; 16.1611328125
2026-07-20; 12:25:39; 445; 6; 37.95; 1008.4968359375; 16.138671875
2026-07-20; 12:26:39; 434; 5; 37.86; 1008.5540234375; 16.158203125
2026-07-20; 12:27:39; 441; 6; 37.89; 1008.4955078125; 16.16015625
2026-07-20; 12:28:39; 434; 5; 38.01; 1008.542890625; 16.09375
2026-07-20; 12:29:39; 438; 5; 37.93; 1008.473125; 16.1376953125
2026-07-20; 12:30:39; 428; 4; 37.89; 1008.401953125; 16.16015625
2026-07-20; 12:31:39; 434; 5; 37.86; 1008.468359375; 16.158203125
2026-07-20; 12:32:39; 426; 3; 37.86; 1008.4969140625; 16.158203125
2026-07-20; 12:33:39; 426; 3; 37.81; 1008.4175; 16.203125
2026-07-20; 12:34:39; 426; 3; 37.93; 1008.4080859375; 16.0791015625
2026-07-20; 12:35:39; 415; 2; 37.85; 1008.423984375; 16.111328125
2026-07-20; 12:36:39; 415; 2; 37.86; 1008.41125; 16.123046875
2026-07-20; 12:37:39; 413; 1; 37.81; 1008.396875; 16.2734375
2026-07-20; 12:38:39; 415; 2; 37.81; 1008.396875; 16.19140625
2026-07-20; 12:39:39; 415; 2; 37.83; 1008.39234375; 16.2041015625
2026-07-20; 12:40:39; 415; 2; 37.86; 1008.325625; 16.158203125
2026-07-20; 12:41:39; 405; 0; 37.78; 1008.3284375; 16.15625
2026-07-20; 12:42:39; 403; 0; 37.85; 1008.3669140625; 16.158203125
2026-07-20; 12:43:39; 403; 0; 37.86; 1008.4191796875; 16.1005859375
2026-07-20; 12:44:39; 400; 0; 37.84; 1008.3796484375; 16.169921875
2026-07-20; 12:45:39; 403; 0; 37.81; 1008.396875; 16.2265625
2026-07-20; 12:46:39; 414; 2; 37.8; 1008.3525; 16.2734375
2026-07-20; 12:47:39; 411; 1; 37.79; 1008.3937890625; 16.203125
2026-07-20; 12:48:39; 416; 2; 37.9; 1008.3399609375; 16.1953125
2026-07-20; 12:49:39; 416; 2; 37.86; 1008.29703125; 16.087890625
2026-07-20; 12:50:39; 418; 2; 37.86; 1008.41125; 16.123046875
2026-07-20; 12:51:39; 416; 2; 37.89; 1008.373359375; 16.11328125
2026-07-20; 12:52:39; 418; 2; 37.95; 1008.3337109375; 16.044921875
2026-07-20; 12:53:39; 432; 4; 38.04; 1008.3827734375; 16.0126953125
2026-07-20; 12:54:39; 442; 6; 38.09; 1008.319375; 15.9912109375
2026-07-20; 12:55:39; 448; 7; 38.27; 1008.3192578125; 15.845703125
2026-07-20; 12:56:39; 444; 6; 38.73; 1008.3391796875; 15.4501953125
2026-07-20; 12:57:39; 454; 8; 39.32; 1008.2648828125; 15.0361328125
2026-07-20; 12:58:39; 457; 8; 39.93; 1008.3274609375; 14.55078125
2026-07-20; 12:59:39; 461; 9; 40.42; 1008.399765625; 14.154296875
2026-07-20; 13:00:39; 475; 11; 40.93; 1008.3305078125; 13.83984375
2026-07-20; 13:01:39; 485; 12; 41.31; 1008.27578125; 13.5087890625
2026-07-20; 13:02:39; 501; 15; 41.51; 1008.3623828125; 13.361328125
2026-07-20; 13:03:39; 508; 16; 41.61; 1008.397734375; 13.26953125
2026-07-20; 13:04:39; 527; 19; 41.77; 1008.313828125; 13.15625
2026-07-20; 13:05:39; 523; 18; 41.69; 1008.330859375; 13.248046875
2026-07-20; 13:06:40; 534; 20; 41.27; 1008.278046875; 13.4951171875
2026-07-20; 13:07:40; 530; 19; 40.76; 1008.29078125; 13.8701171875
2026-07-20; 13:08:40; 523; 18; 40.26; 1008.289765625; 14.2197265625
2026-07-20; 13:09:40; 495; 14; 39.73; 1008.26078125; 14.5908203125
2026-07-20; 13:10:40; 491; 13; 39.2; 1008.2675; 15.0673828125
2026-07-20; 13:11:40; 495; 14; 38.77; 1008.3530859375; 15.4169921875
2026-07-20; 13:12:40; 495; 14; 38.49; 1008.2806640625; 15.6064453125
2026-07-20; 13:13:40; 495; 14; 38.33; 1008.2557421875; 15.71875
2026-07-20; 13:14:40; 495; 14; 38.18; 1008.2334765625; 15.8662109375
2026-07-20; 13:15:40; 501; 15; 38.12; 1008.3382421875; 15.9453125
2026-07-20; 13:16:40; 518; 17; 38.19; 1008.3556640625; 15.947265625
2026-07-20; 13:17:40; 534; 20; 38.33; 1008.312890625; 15.9521484375
2026-07-20; 13:18:40; 552; 23; 38.27; 1008.3970703125; 15.869140625
2026-07-20; 13:19:40; 560; 24; 38.17; 1008.381171875; 16.005859375
2026-07-20; 13:20:40; 570; 25; 38.15; 1008.3285546875; 16.0400390625
2026-07-20; 13:21:40; 570; 25; 38.12; 1008.3303515625; 15.921875
2026-07-20; 13:22:40; 578; 27; 38.13; 1008.3747265625; 16.02734375
2026-07-20; 13:23:40; 599; 30; 38.21; 1008.42375; 15.9951171875
2026-07-20; 13:24:40; 588; 28; 38.21; 1008.3015625; 15.8779296875
2026-07-20; 13:25:40; 594; 29; 38.22; 1008.3459375; 15.9140625
2026-07-20; 13:26:40; 588; 28; 38.22; 1008.382421875; 15.90234375
2026-07-20; 13:27:40; 588; 28; 38.21; 1008.387265625; 15.9833984375
2026-07-20; 13:28:40; 603; 30; 38.22; 1008.460234375; 15.9833984375
2026-07-20; 13:29:40; 599; 30; 38.25; 1008.4019140625; 15.9267578125
2026-07-20; 13:30:40; 607; 31; 38.29; 1008.350859375; 15.916015625
2026-07-20; 13:31:40; 633; 35; 38.28; 1008.4414453125; 15.998046875
2026-07-20; 13:32:40; 649; 37; 38.23; 1008.4556640625; 15.97265625
2026-07-20; 13:33:40; 665; 40; 38.23; 1008.3620703125; 16.04296875
2026-07-20; 13:34:40; 653; 38; 38.26; 1008.38125; 15.8564453125
2026-07-20; 13:35:40; 657; 39; 38.25; 1008.344765625; 16.0087890625
2026-07-20; 13:36:40; 657; 39; 38.2; 1008.2651171875; 16.0771484375
2026-07-20; 13:37:40; 633; 35; 38.16; 1008.258984375; 16.0517578125
2026-07-20; 13:38:40; 570; 25; 38.0; 1008.2335546875; 15.94140625
2026-07-20; 13:39:40; 566; 25; 38.01; 1008.2208203125; 16.15234375
2026-07-20; 13:40:40; 578; 27; 37.94; 1008.1669140625; 16.2314453125
2026-07-20; 13:41:40; 599; 30; 37.87; 1008.312890625; 16.357421875
2026-07-20; 13:42:40; 617; 33; 37.86; 1008.29703125; 16.322265625
2026-07-20; 13:43:40; 641; 36; 37.82; 1008.3480078125; 16.40234375
2026-07-20; 13:44:40; 641; 36; 37.77; 1008.3618359375; 16.4013671875
2026-07-20; 13:45:40; 657; 39; 37.74; 1008.321953125; 16.447265625
2026-07-20; 13:46:40; 672; 41; 37.76; 1008.3745703125; 16.412109375
2026-07-20; 13:47:40; 686; 43; 37.75; 1008.3951953125; 16.412109375
2026-07-20; 13:48:40; 686; 43; 37.75; 1008.3380859375; 16.423828125
2026-07-20; 13:49:41; 690; 44; 37.68; 1008.3412109375; 16.45703125
2026-07-20; 13:50:41; 686; 43; 37.64; 1008.3838671875; 16.455078125
2026-07-20; 13:51:41; 679; 42; 37.61; 1008.31578125; 16.4892578125
2026-07-20; 13:52:41; 679; 42; 37.57; 1008.366328125; 16.5224609375
2026-07-20; 13:53:41; 679; 42; 37.55; 1008.469453125; 16.521484375
2026-07-20; 13:54:41; 672; 41; 37.52; 1008.429609375; 16.5908203125
2026-07-20; 13:55:41; 686; 43; 37.47; 1008.35015625; 16.6708984375
2026-07-20; 13:56:41; 690; 44; 37.44; 1008.339140625; 16.681640625
2026-07-20; 13:57:41; 690; 44; 37.43; 1008.3724609375; 16.693359375
2026-07-20; 13:58:41; 697; 45; 37.43; 1008.34390625; 16.705078125
2026-07-20; 13:59:41; 697; 45; 37.42; 1008.36453125; 16.6806640625
2026-07-20; 14:00:41; 697; 45; 37.41; 1008.3487109375; 16.7041015625
2026-07-20; 14:01:41; 697; 45; 37.38; 1008.2438671875; 16.73828125
2026-07-20; 14:02:41; 704; 46; 37.38; 1008.350078125; 16.7373046875
2026-07-20; 14:03:41; 690; 44; 37.36; 1008.3833984375; 16.7255859375
2026-07-20; 14:04:41; 697; 45; 37.32; 1008.3115625; 16.7705078125
2026-07-20; 14:05:41; 686; 43; 37.32; 1008.3115625; 16.7822265625
2026-07-20; 14:06:41; 686; 43; 37.29; 1008.3575390625; 16.76953125
2026-07-20; 14:07:41; 686; 43; 37.28; 1008.36234375; 16.7919921875
2026-07-20; 14:08:41; 686; 43; 37.26; 1008.3668359375; 16.8271484375
2026-07-20; 14:09:41; 690; 44; 37.24; 1008.306640625; 16.826171875
2026-07-20; 14:10:41; 690; 44; 37.23; 1008.2623046875; 16.849609375
2026-07-20; 14:11:41; 690; 44; 37.2; 1008.2433203125; 16.8828125
2026-07-20; 14:12:41; 704; 46; 37.17; 1008.252578125; 16.9169921875
2026-07-20; 14:13:41; 712; 47; 37.14; 1008.290625; 16.951171875
2026-07-20; 14:14:41; 726; 49; 37.1; 1008.3410546875; 16.984375
2026-07-20; 14:15:41; 726; 49; 37.08; 1008.36640625; 17.0185546875
2026-07-20; 14:16:41; 717; 48; 37.04; 1008.310703125; 17.005859375
2026-07-20; 14:17:41; 726; 49; 37.01; 1008.2552734375; 17.07421875
2026-07-20; 14:18:41; 732; 50; 36.98; 1008.33734375; 17.0625
2026-07-20; 14:19:41; 732; 50; 36.94; 1008.2376171875; 17.119140625
2026-07-20; 14:20:41; 740; 51; 36.94; 1008.2376171875; 17.1298828125
2026-07-20; 14:21:41; 746; 52; 36.92; 1008.299375; 17.1533203125
2026-07-20; 14:22:41; 754; 53; 36.9; 1008.2594921875; 17.19921875
2026-07-20; 14:23:41; 746; 52; 36.86; 1008.2040625; 17.197265625
2026-07-20; 14:24:41; 759; 54; 36.85; 1008.273125; 17.208984375
2026-07-20; 14:25:41; 754; 53; 36.84; 1008.2002734375; 17.208984375
2026-07-20; 14:26:41; 759; 54; 36.81; 1008.14484375; 17.25390625
2026-07-20; 14:27:41; 765; 55; 36.79; 1008.28421875; 17.2763671875
2026-07-20; 14:28:41; 772; 56; 36.76; 1008.23640625; 17.298828125
2026-07-20; 14:29:41; 776; 57; 36.73; 1008.2458984375; 17.34375
2026-07-20; 14:30:41; 795; 60; 36.7; 1008.242421875; 17.3662109375
2026-07-20; 14:31:41; 802; 61; 36.69; 1008.33265625; 17.4130859375
2026-07-20; 14:32:42; 819; 63; 36.67; 1008.21546875; 17.435546875
2026-07-20; 14:33:42; 832; 65; 36.66; 1008.28515625; 17.4345703125
2026-07-20; 14:34:42; 840; 67; 36.65; 1008.2123046875; 17.4111328125
2026-07-20; 14:35:42; 840; 67; 36.64; 1008.1185546875; 17.4111328125
2026-07-20; 14:36:42; 840; 67; 36.64; 1008.2040625; 17.4111328125
2026-07-20; 14:37:42; 848; 68; 36.65; 1008.1837890625; 17.4462890625
2026-07-20; 14:38:42; 848; 68; 36.63; 1008.21671875; 17.4345703125
2026-07-20; 14:39:42; 857; 69; 36.61; 1008.205625; 17.4912109375
2026-07-20; 14:40:42; 857; 69; 36.58; 1008.166015625; 17.455078125
2026-07-20; 14:41:42; 848; 68; 36.56; 1008.21953125; 17.5126953125
2026-07-20; 14:42:42; 840; 67; 36.56; 1008.183125; 17.4892578125
2026-07-20; 14:43:42; 840; 67; 36.52; 1008.1767578125; 17.5224609375
2026-07-20; 14:44:42; 840; 67; 36.49; 1008.1937890625; 17.591796875
2026-07-20; 14:45:42; 848; 68; 36.48; 1008.1415625; 17.580078125
2026-07-20; 14:46:42; 848; 68; 36.48; 1008.1415625; 17.6142578125
2026-07-20; 14:47:42; 877; 72; 36.46; 1008.1668359375; 17.63671875
2026-07-20; 14:48:42; 877; 72; 36.47; 1008.2191015625; 17.6259765625
2026-07-20; 14:49:42; 882; 73; 36.47; 1008.18265625; 17.6142578125
2026-07-20; 14:50:42; 889; 74; 36.48; 1008.1700390625; 17.603515625
2026-07-20; 14:51:42; 900; 76; 36.48; 1008.1415625; 17.603515625
2026-07-20; 14:52:42; 889; 74; 36.48; 1008.1415625; 17.591796875
2026-07-20; 14:53:42; 909; 77; 36.47; 1008.0971875; 17.6025390625
2026-07-20; 14:54:42; 909; 77; 36.45; 1008.1225390625; 17.61328125
2026-07-20; 14:55:42; 900; 76; 36.47; 1008.076640625; 17.6025390625
2026-07-20; 14:56:42; 900; 76; 36.48; 1008.1209765625; 17.580078125
2026-07-20; 14:57:42; 900; 76; 36.5; 1008.1732421875; 17.580078125
2026-07-20; 14:58:42; 900; 76; 36.49; 1008.2223046875; 17.591796875
2026-07-20; 14:59:42; 900; 76; 36.48; 1008.1415625; 17.568359375
2026-07-20; 15:00:42; 909; 77; 36.49; 1008.1004296875; 17.568359375
2026-07-20; 15:01:42; 923; 79; 36.48; 1008.113046875; 17.603515625
2026-07-20; 15:02:42; 933; 81; 36.48; 1008.1700390625; 17.6259765625
2026-07-20; 15:03:42; 933; 81; 36.47; 1008.162109375; 17.6259765625
2026-07-20; 15:04:42; 945; 83; 36.47; 1008.18265625; 17.6142578125
2026-07-20; 15:05:42; 945; 83; 36.45; 1008.2158984375; 17.6484375
2026-07-20; 15:06:42; 954; 84; 36.44; 1008.199765625; 17.6826171875
2026-07-20; 15:07:42; 964; 85; 36.45; 1008.1225390625; 17.66015625
2026-07-20; 15:08:42; 972; 87; 36.43; 1008.1554296875; 17.6708984375
2026-07-20; 15:09:42; 972; 87; 36.43; 1008.1554296875; 17.6943359375
2026-07-20; 15:10:42; 972; 87; 36.44; 1008.17125; 17.6708984375
2026-07-20; 15:11:42; 995; 90; 36.42; 1008.23296875; 17.6826171875
2026-07-20; 15:12:42; 1001; 91; 36.42; 1008.2044921875; 17.6943359375
2026-07-20; 15:13:42; 995; 90; 36.42; 1008.1475; 17.6826171875
2026-07-20; 15:14:42; 1001; 91; 36.38; 1008.2265625; 17.7275390625
2026-07-20; 15:15:43; 1001; 91; 36.37; 1008.2670703125; 17.7275390625
2026-07-20; 15:16:43; 1001; 91; 36.36; 1008.271796875; 17.75
2026-07-20; 15:17:43; 1009; 92; 36.34; 1008.1910546875; 17.7724609375
2026-07-20; 15:18:43; 1001; 91; 36.33; 1008.2321875; 17.7841796875
2026-07-20; 15:19:43; 1009; 92; 36.32; 1008.151484375; 17.806640625
2026-07-20; 15:20:43; 1009; 92; 36.33; 1008.19578125; 17.7958984375
2026-07-20; 15:21:43; 1019; 94; 36.33; 1008.1673046875; 17.806640625
2026-07-20; 15:22:43; 1050; 99; 36.3; 1008.2412890625; 17.8173828125
2026-07-20; 15:23:43; 1038; 97; 36.31; 1008.192578125; 17.818359375
2026-07-20; 15:24:43; 1038; 97; 36.29; 1008.1969921875; 17.8056640625
2026-07-20; 15:25:43; 1038; 97; 36.29; 1008.246015625; 17.83984375
2026-07-20; 15:26:43; 1050; 99; 36.27; 1008.299765625; 17.83984375
2026-07-20; 15:27:43; 1050; 99; 36.24; 1008.317109375; 17.873046875
2026-07-20; 15:28:43; 1050; 99; 36.23; 1008.2725; 17.837890625
2026-07-20; 15:29:43; 1050; 99; 36.24; 1008.30890625; 17.861328125
2026-07-20; 15:30:43; 1019; 94; 36.25; 1008.2759765625; 17.8388671875
2026-07-20; 15:31:43; 1019; 94; 36.24; 1008.317109375; 17.861328125
2026-07-20; 15:32:43; 1019; 94; 36.22; 1008.3420703125; 17.896484375
2026-07-20; 15:33:43; 1019; 94; 36.22; 1008.256640625; 17.896484375
2026-07-20; 15:34:43; 1038; 97; 36.23; 1008.293046875; 17.9072265625
2026-07-20; 15:35:43; 1038; 97; 36.21; 1008.261328125; 17.9072265625
2026-07-20; 15:36:43; 1038; 97; 36.2; 1008.3024609375; 17.9296875
2026-07-20; 15:37:43; 1038; 97; 36.24; 1008.30890625; 17.873046875
2026-07-20; 15:38:43; 1009; 92; 36.2; 1008.273984375; 17.91796875
2026-07-20; 15:39:43; 1009; 92; 36.19; 1008.3435546875; 17.9296875
2026-07-20; 15:40:43; 1009; 92; 36.18; 1008.3071484375; 17.90625
2026-07-20; 15:41:43; 1001; 91; 36.16; 1008.27515625; 17.9287109375
2026-07-20; 15:42:43; 1001; 91; 36.15; 1008.3162109375; 17.939453125
2026-07-20; 15:43:43; 995; 90; 36.13; 1008.2924609375; 17.962890625
2026-07-20; 15:44:43; 995; 90; 36.13; 1008.2924609375; 17.951171875
2026-07-20; 15:45:43; 977; 87; 36.1; 1008.301875; 17.984375
2026-07-20; 15:46:43; 977; 87; 36.13; 1008.3984375; 17.9619140625
2026-07-20; 15:47:43; 977; 87; 36.1; 1008.322109375; 17.984375
2026-07-20; 15:48:43; 972; 87; 36.12; 1008.354140625; 17.9619140625
2026-07-20; 15:49:43; 964; 85; 36.11; 1008.346171875; 17.9853515625
2026-07-20; 15:50:43; 954; 84; 36.11; 1008.3951953125; 17.984375
2026-07-20; 15:51:43; 945; 83; 36.1; 1008.3790234375; 17.984375
2026-07-20; 15:52:43; 945; 83; 36.08; 1008.4042578125; 18.0068359375
2026-07-20; 15:53:43; 933; 81; 36.07; 1008.3394140625; 17.9833984375
2026-07-20; 15:54:43; 918; 78; 36.05; 1008.3931640625; 18.029296875
2026-07-20; 15:55:43; 909; 77; 36.05; 1008.4421484375; 18.029296875
2026-07-20; 15:56:43; 909; 77; 36.03; 1008.3898828125; 18.0166015625
2026-07-20; 15:57:43; 889; 74; 36.04; 1008.4262890625; 18.0283203125
2026-07-20; 15:58:44; 889; 74; 36.05; 1008.4421484375; 18.029296875
2026-07-20; 15:59:44; 882; 73; 36.02; 1008.4512109375; 18.0390625
2026-07-20; 16:00:44; 882; 73; 36.0; 1008.4558984375; 18.05078125
2026-07-20; 16:01:44; 868; 71; 35.99; 1008.4115625; 18.0498046875
2026-07-20; 16:02:44; 877; 72; 36.0; 1008.44796875; 18.0390625
2026-07-20; 16:03:44; 877; 72; 35.98; 1008.444765625; 18.0849609375
2026-07-20; 16:04:44; 877; 72; 35.98; 1008.4241796875; 18.0615234375
2026-07-20; 16:05:44; 857; 69; 35.98; 1008.3877734375; 18.095703125
2026-07-20; 16:06:44; 868; 71; 35.97; 1008.4652734375; 18.083984375
2026-07-20; 16:07:44; 840; 67; 35.99; 1008.4321484375; 18.0732421875
2026-07-20; 16:08:44; 848; 68; 35.99; 1008.37515625; 18.0732421875
2026-07-20; 16:09:44; 840; 67; 35.98; 1008.3877734375; 18.107421875
2026-07-20; 16:10:44; 848; 68; 35.96; 1008.3842578125; 18.095703125
2026-07-20; 16:11:44; 840; 67; 35.97; 1008.3434765625; 18.083984375
2026-07-20; 16:12:44; 848; 68; 35.95; 1008.347890625; 18.1181640625
2026-07-20; 16:13:44; 857; 69; 35.92; 1008.385703125; 18.17578125
2026-07-20; 16:14:44; 868; 71; 35.9; 1008.4109375; 18.2099609375
2026-07-20; 16:15:44; 877; 72; 35.92; 1008.4346875; 18.1630859375
2026-07-20; 16:16:44; 868; 71; 35.88; 1008.415; 18.185546875
2026-07-20; 16:17:44; 877; 72; 35.88; 1008.415; 18.208984375
2026-07-20; 16:18:44; 877; 72; 35.88; 1008.4434765625; 18.220703125
2026-07-20; 16:19:44; 877; 72; 35.85; 1008.41640625; 18.23046875
2026-07-20; 16:20:44; 882; 73; 35.82; 1008.4333984375; 18.2763671875
2026-07-20; 16:21:44; 889; 74; 35.83; 1008.44953125; 18.27734375
2026-07-20; 16:22:44; 882; 73; 35.82; 1008.368515625; 18.2646484375
2026-07-20; 16:23:44; 882; 73; 35.82; 1008.48234375; 18.2646484375
2026-07-20; 16:24:44; 882; 73; 35.8; 1008.450625; 18.275390625
2026-07-20; 16:25:44; 882; 73; 35.83; 1008.4416015625; 18.2763671875
2026-07-20; 16:26:44; 882; 73; 35.82; 1008.3764453125; 18.2880859375
2026-07-20; 16:27:44; 882; 73; 35.81; 1008.360625; 18.287109375
2026-07-20; 16:28:44; 882; 73; 35.78; 1008.3699609375; 18.3330078125
2026-07-20; 16:29:44; 889; 74; 35.79; 1008.35734375; 18.3330078125
2026-07-20; 16:30:44; 882; 73; 35.77; 1008.3461328125; 18.3212890625
2026-07-20; 16:31:44; 882; 73; 35.78; 1008.3335546875; 18.3212890625
2026-07-20; 16:32:44; 882; 73; 35.77; 1008.325625; 18.3330078125
2026-07-20; 16:33:44; 882; 73; 35.77; 1008.374609375; 18.34375
2026-07-20; 16:34:44; 877; 72; 35.78; 1008.447421875; 18.3212890625
2026-07-20; 16:35:44; 877; 72; 35.75; 1008.3710546875; 18.35546875
2026-07-20; 16:36:44; 877; 72; 35.74; 1008.363125; 18.3544921875
2026-07-20; 16:37:44; 882; 73; 35.74; 1008.3267578125; 18.3779296875
2026-07-20; 16:38:44; 889; 74; 35.73; 1008.4041796875; 18.388671875
2026-07-20; 16:39:44; 889; 74; 35.72; 1008.380390625; 18.400390625
2026-07-20; 16:40:44; 889; 74; 35.71; 1008.4214453125; 18.3876953125
2026-07-20; 16:41:45; 889; 74; 35.7; 1008.3566015625; 18.4111328125
2026-07-20; 16:42:45; 900; 76; 35.69; 1008.36921875; 18.41015625
2026-07-20; 16:43:45; 900; 76; 35.69; 1008.4178515625; 18.421875
2026-07-20; 16:44:45; 889; 74; 35.69; 1008.3325; 18.43359375
2026-07-20; 16:45:45; 889; 74; 35.68; 1008.29609375; 18.421875
2026-07-20; 16:46:45; 889; 74; 35.68; 1008.3735546875; 18.4453125
2026-07-20; 16:47:45; 889; 74; 35.66; 1008.4066796875; 18.4326171875
2026-07-20; 16:48:45; 882; 73; 35.66; 1008.321328125; 18.4443359375
2026-07-20; 16:49:45; 882; 73; 35.67; 1008.30078125; 18.4443359375
2026-07-20; 16:50:45; 889; 74; 35.66; 1008.3782421875; 18.4560546875
2026-07-20; 16:51:45; 900; 76; 35.65; 1008.3828515625; 18.466796875
2026-07-20; 16:52:45; 900; 76; 35.65; 1008.36234375; 18.466796875
2026-07-20; 16:53:45; 889; 74; 35.67; 1008.3576953125; 18.4443359375
2026-07-20; 16:54:45; 900; 76; 35.63; 1008.31015625; 18.466796875
2026-07-20; 16:55:45; 889; 74; 35.62; 1008.314765625; 18.5009765625
2026-07-20; 16:56:45; 900; 76; 35.62; 1008.2942578125; 18.4892578125
2026-07-20; 16:57:45; 889; 74; 35.6; 1008.262265625; 18.51171875
2026-07-20; 16:58:45; 889; 74; 35.62; 1008.322734375; 18.5009765625
2026-07-20; 16:59:45; 889; 74; 35.61; 1008.21328125; 18.4892578125
2026-07-20; 17:00:45; 889; 74; 35.6; 1008.2827734375; 18.51171875
2026-07-20; 17:01:45; 889; 74; 35.6; 1008.3112109375; 18.51171875
2026-07-20; 17:02:45; 889; 74; 35.61; 1008.2701953125; 18.4892578125
2026-07-20; 17:03:45; 889; 74; 35.62; 1008.257890625; 18.5009765625
2026-07-20; 17:04:45; 900; 76; 35.59; 1008.27484375; 18.5234375
2026-07-20; 17:05:45; 900; 76; 35.58; 1008.258984375; 18.5224609375
2026-07-20; 17:06:45; 889; 74; 35.58; 1008.1736328125; 18.5224609375
2026-07-20; 17:07:45; 882; 73; 35.6; 1008.1689453125; 18.5234375
2026-07-20; 17:08:45; 882; 73; 35.59; 1008.2384765625; 18.5107421875
2026-07-20; 17:09:45; 882; 73; 35.59; 1008.1815234375; 18.5224609375
2026-07-20; 17:10:45; 882; 73; 35.59; 1008.2384765625; 18.5224609375
2026-07-20; 17:11:45; 882; 73; 35.6; 1008.197421875; 18.5
2026-07-20; 17:12:45; 882; 73; 35.6; 1008.225859375; 18.51171875
2026-07-20; 17:13:45; 877; 72; 35.6; 1008.1484375; 18.5234375
2026-07-20; 17:14:45; 877; 72; 35.58; 1008.1372265625; 18.5224609375
2026-07-20; 17:15:45; 882; 73; 35.58; 1008.258984375; 18.5458984375
2026-07-20; 17:16:45; 877; 72; 35.59; 1008.1894921875; 18.5
2026-07-20; 17:17:45; 882; 73; 35.57; 1008.2715625; 18.5576171875
2026-07-20; 17:18:45; 882; 73; 35.58; 1008.2794921875; 18.5341796875
2026-07-20; 17:19:45; 889; 74; 35.57; 1008.20671875; 18.568359375
2026-07-20; 17:20:45; 900; 76; 35.69; 1008.2187109375; 18.45703125
2026-07-20; 17:21:45; 909; 77; 35.84; 1008.18078125; 18.3359375
2026-07-20; 17:22:45; 909; 77; 35.97; 1008.180625; 18.2236328125
2026-07-20; 17:23:45; 918; 78; 36.12; 1008.21171875; 18.08984375
2026-07-20; 17:24:46; 923; 79; 36.24; 1008.1747265625; 17.978515625
2026-07-20; 17:25:46; 954; 84; 36.37; 1008.1737109375; 17.83203125
2026-07-20; 17:26:46; 945; 83; 36.45; 1008.15890625; 17.7880859375
2026-07-20; 17:27:46; 954; 84; 36.51; 1008.2258203125; 17.720703125
2026-07-20; 17:28:46; 964; 85; 36.59; 1008.2309375; 17.654296875
2026-07-20; 17:29:46; 964; 85; 36.62; 1008.2214453125; 17.6201171875
2026-07-20; 17:30:46; 972; 87; 36.67; 1008.1663671875; 17.5634765625
2026-07-20; 17:31:46; 972; 87; 36.75; 1008.256953125; 17.5322265625
2026-07-20; 17:32:46; 972; 87; 36.81; 1008.25890625; 17.4404296875
2026-07-20; 17:33:46; 977; 87; 36.86; 1008.2246484375; 17.4189453125
2026-07-20; 17:34:46; 977; 87; 36.93; 1008.258203125; 17.3291015625
2026-07-20; 17:35:46; 972; 87; 36.98; 1008.3088671875; 17.2958984375
2026-07-20; 17:36:46; 977; 87; 36.98; 1008.3088671875; 17.2958984375
2026-07-20; 17:37:46; 977; 87; 37.04; 1008.2457421875; 17.2626953125
2026-07-20; 17:38:46; 995; 90; 37.09; 1008.2476171875; 17.2177734375
2026-07-20; 17:39:46; 1001; 91; 37.11; 1008.3077734375; 17.1953125
2026-07-20; 17:40:46; 1009; 92; 37.17; 1008.288984375; 17.1396484375
2026-07-20; 17:41:46; 1019; 94; 37.19; 1008.235078125; 17.1396484375
2026-07-20; 17:42:46; 1019; 94; 37.24; 1008.249609375; 17.1064453125
2026-07-20; 17:43:46; 1038; 97; 37.26; 1008.2526953125; 17.072265625
2026-07-20; 17:44:46; 1038; 97; 37.23; 1008.2701953125; 17.0830078125
2026-07-20; 17:45:46; 1019; 94; 37.26; 1008.2526953125; 17.060546875
2026-07-20; 17:46:46; 1038; 97; 37.26; 1008.3668359375; 17.072265625
2026-07-20; 17:47:46; 1038; 97; 37.29; 1008.2926171875; 17.0498046875
2026-07-20; 17:48:46; 1019; 94; 37.27; 1008.232109375; 17.072265625
2026-07-20; 17:49:46; 1019; 94; 37.25; 1008.2733203125; 17.060546875
2026-07-20; 17:50:46; 1019; 94; 37.29; 1008.20703125; 17.0615234375
2026-07-20; 17:51:46; 1009; 92; 37.28; 1008.1990625; 17.0263671875
2026-07-20; 17:52:46; 1009; 92; 37.32; 1008.16890625; 17.02734375
2026-07-20; 17:53:46; 1019; 94; 37.31; 1008.2465625; 17.0390625
2026-07-20; 17:54:46; 1019; 94; 37.3; 1008.2022265625; 17.02734375
2026-07-20; 17:55:46; 1038; 97; 37.31; 1008.18953125; 17.015625
2026-07-20; 17:56:46; 1038; 97; 37.35; 1008.1963671875; 17.005859375
2026-07-20; 17:57:46; 1019; 94; 37.34; 1008.2376171875; 17.0048828125
2026-07-20; 17:58:46; 1038; 97; 37.31; 1008.1324609375; 17.00390625
2026-07-20; 17:59:46; 1019; 94; 37.3; 1008.1451953125; 17.00390625
2026-07-20; 18:00:46; 1019; 94; 37.31; 1008.0675; 17.015625
2026-07-20; 18:01:46; 1009; 92; 37.34; 1008.1234765625; 16.9931640625
2026-07-20; 18:02:46; 1009; 92; 37.35; 1008.1393359375; 16.970703125
2026-07-20; 18:03:46; 1001; 91; 37.36; 1008.0980859375; 16.970703125
2026-07-20; 18:04:46; 1001; 91; 37.36; 1008.126640625; 16.970703125
2026-07-20; 18:05:46; 1001; 91; 37.36; 1008.06953125; 16.994140625
2026-07-20; 18:06:46; 1009; 92; 37.37; 1008.1059765625; 17.029296875
2026-07-20; 18:07:47; 1009; 92; 37.36; 1008.1472265625; 16.994140625
2026-07-20; 18:08:47; 1001; 91; 37.35; 1008.159921875; 17.017578125
2026-07-20; 18:09:47; 1019; 94; 37.36; 1008.1187109375; 17.041015625
2026-07-20; 18:10:47; 1009; 92; 37.36; 1008.0901953125; 17.005859375
2026-07-20; 18:11:47; 1019; 94; 37.38; 1008.0076953125; 17.0185546875
2026-07-20; 18:12:47; 1019; 94; 37.37; 1008.085390625; 17.041015625
2026-07-20; 18:13:47; 1050; 99; 37.36; 1008.0980859375; 17.052734375
2026-07-20; 18:14:47; 1060; 100; 37.34; 1008.1234765625; 17.0986328125
2026-07-20; 18:15:47; 1065; 101; 37.37; 1008.085390625; 17.123046875
2026-07-20; 18:16:47; 1090; 105; 37.39; 1008.109140625; 17.0888671875
2026-07-20; 18:17:47; 1065; 101; 37.38; 1008.186796875; 17.0654296875
2026-07-20; 18:18:47; 1060; 100; 37.36; 1008.183671875; 17.052734375
2026-07-20; 18:19:47; 1050; 99; 37.35; 1008.1963671875; 17.0869140625
2026-07-20; 18:20:47; 1060; 100; 37.36; 1008.183671875; 17.041015625
2026-07-20; 18:21:47; 1050; 99; 37.35; 1008.1678515625; 17.0986328125
2026-07-20; 18:22:47; 1050; 99; 37.31; 1008.18953125; 17.1328125
2026-07-20; 18:23:47; 1050; 99; 37.28; 1008.1990625; 17.1552734375
2026-07-20; 18:24:47; 1050; 99; 37.28; 1008.191171875; 17.142578125
2026-07-20; 18:25:47; 1019; 94; 37.24; 1008.2210546875; 17.1767578125
2026-07-20; 18:26:47; 1019; 94; 37.22; 1008.217890625; 17.17578125
2026-07-20; 18:27:47; 1001; 91; 37.2; 1008.2226953125; 17.1865234375
2026-07-20; 18:28:47; 1001; 91; 37.2; 1008.2148046875; 17.2099609375
2026-07-20; 18:29:47; 995; 90; 37.25; 1008.17984375; 17.1650390625
2026-07-20; 18:30:47; 995; 90; 37.23; 1008.127578125; 17.2001953125
2026-07-20; 18:31:47; 977; 87; 37.22; 1008.225859375; 17.17578125
2026-07-20; 18:32:47; 972; 87; 37.21; 1008.15296875; 17.1875
2026-07-20; 18:33:47; 964; 85; 37.23; 1008.17671875; 17.17578125
2026-07-20; 18:34:47; 954; 84; 37.23; 1008.184609375; 17.1650390625
2026-07-20; 18:35:47; 964; 85; 37.22; 1008.160859375; 17.2109375
2026-07-20; 18:36:47; 954; 84; 37.16; 1008.130546875; 17.255859375
2026-07-20; 18:37:47; 977; 87; 37.16; 1008.1591015625; 17.3251953125
2026-07-20; 18:38:47; 1009; 92; 37.15; 1008.2208984375; 17.3251953125
2026-07-20; 18:39:47; 1038; 97; 37.14; 1008.205078125; 17.32421875
2026-07-20; 18:40:47; 1019; 94; 37.13; 1008.225703125; 17.3125
2026-07-20; 18:41:47; 1019; 94; 37.11; 1008.18578125; 17.3349609375
2026-07-20; 18:42:47; 1009; 92; 37.07; 1008.1225; 17.3916015625
2026-07-20; 18:43:47; 1009; 92; 37.04; 1008.1887109375; 17.390625
2026-07-20; 18:44:47; 995; 90; 37.03; 1008.1523046875; 17.37890625
2026-07-20; 18:45:47; 995; 90; 36.97; 1008.236015625; 17.447265625
2026-07-20; 18:46:47; 977; 87; 36.95; 1008.1679296875; 17.46875
2026-07-20; 18:47:47; 1001; 91; 36.93; 1008.17265625; 17.4921875
2026-07-20; 18:48:47; 1001; 91; 36.89; 1008.223046875; 17.501953125
2026-07-20; 18:49:47; 977; 87; 36.83; 1008.241484375; 17.5576171875
2026-07-20; 18:50:48; 995; 90; 36.82; 1008.254140625; 17.5693359375
2026-07-20; 18:51:48; 972; 87; 36.77; 1008.1746484375; 17.6142578125
2026-07-20; 18:52:48; 972; 87; 36.75; 1008.2490625; 17.63671875
2026-07-20; 18:53:48; 972; 87; 36.73; 1008.274375; 17.6708984375
2026-07-20; 18:54:48; 972; 87; 36.64; 1008.232578125; 17.7373046875
2026-07-20; 18:55:48; 977; 87; 36.64; 1008.1961328125; 17.7607421875
2026-07-20; 18:56:48; 995; 90; 36.58; 1008.2433203125; 17.81640625
2026-07-20; 18:57:48; 995; 90; 36.53; 1008.192578125; 17.873046875
2026-07-20; 18:58:48; 977; 87; 36.46; 1008.223828125; 17.9169921875
2026-07-20; 18:59:48; 977; 87; 36.45; 1008.1794921875; 17.927734375
2026-07-20; 19:00:48; 977; 87; 36.4; 1008.229765625; 17.9736328125
2026-07-20; 19:01:48; 977; 87; 36.38; 1008.2550390625; 18.0078125
2026-07-20; 19:02:48; 972; 87; 36.35; 1008.235390625; 18.041015625
2026-07-20; 19:03:48; 995; 90; 36.35; 1008.235390625; 18.052734375
2026-07-20; 19:04:48; 995; 90; 36.35; 1008.1705078125; 18.041015625
2026-07-20; 19:05:48; 995; 90; 36.35; 1008.2638671875; 18.052734375
2026-07-20; 19:06:48; 995; 90; 36.38; 1008.2755859375; 18.0185546875
2026-07-20; 19:07:48; 1001; 91; 36.37; 1008.2670703125; 18.0419921875
2026-07-20; 19:08:48; 1001; 91; 36.31; 1008.1641015625; 18.0859375
2026-07-20; 19:09:48; 1001; 91; 36.32; 1008.236875; 18.0859375
2026-07-20; 19:10:48; 1009; 92; 36.33; 1008.1751953125; 18.0751953125
2026-07-20; 19:11:48; 1009; 92; 36.33; 1008.1467578125; 18.0751953125
2026-07-20; 19:12:48; 1009; 92; 36.35; 1008.2559765625; 18.064453125
2026-07-20; 19:13:48; 1009; 92; 36.33; 1008.2606640625; 18.0869140625
2026-07-20; 19:14:48; 1009; 92; 36.31; 1008.17203125; 18.0859375
2026-07-20; 19:15:48; 1009; 92; 36.3; 1008.1843359375; 18.109375
2026-07-20; 19:16:48; 1009; 92; 36.34; 1008.1831640625; 18.0869140625
2026-07-20; 19:17:48; 1009; 92; 36.33; 1008.2321875; 18.0869140625
2026-07-20; 19:18:48; 1009; 92; 36.29; 1008.14; 18.0966796875
2026-07-20; 19:19:48; 1019; 94; 36.31; 1008.1641015625; 18.09765625
2026-07-20; 19:20:49; 1001; 91; 36.3; 1008.2048828125; 18.1201171875
2026-07-20; 19:21:49; 1009; 92; 36.3; 1008.2048828125; 18.0966796875
2026-07-20; 19:22:49; 1009; 92; 36.29; 1008.1036328125; 18.1201171875
2026-07-20; 19:23:49; 1019; 94; 36.31; 1008.143515625; 18.14453125
2026-07-20; 19:24:49; 1019; 94; 36.35; 1008.198984375; 18.099609375
2026-07-20; 19:25:49; 1038; 97; 36.3; 1008.155859375; 18.1435546875
2026-07-20; 19:26:49; 1038; 97; 36.3; 1008.17640625; 18.1318359375
2026-07-20; 19:27:49; 1038; 97; 36.29; 1008.2175390625; 18.1435546875
2026-07-20; 19:28:49; 1038; 97; 36.31; 1008.135625; 18.1328125
2026-07-20; 19:29:49; 1038; 97; 36.29; 1008.1320703125; 18.1318359375
2026-07-20; 19:30:49; 1038; 97; 36.29; 1008.1605859375; 18.1552734375
2026-07-20; 19:31:49; 1038; 97; 36.29; 1008.2254296875; 18.1552734375
2026-07-20; 19:32:49; 1050; 99; 36.27; 1008.19375; 18.130859375
2026-07-20; 19:33:49; 1038; 97; 36.27; 1008.2428125; 18.154296875
2026-07-20; 19:34:49; 1038; 97; 36.26; 1008.20640625; 18.166015625
2026-07-20; 19:35:49; 1038; 97; 36.27; 1008.214296875; 18.154296875
2026-07-20; 19:36:49; 1038; 97; 36.27; 1008.19375; 18.166015625
2026-07-20; 19:37:49; 1038; 97; 36.27; 1008.3076953125; 18.154296875
2026-07-20; 19:38:49; 1038; 97; 36.25; 1008.2475390625; 18.1884765625
2026-07-20; 19:39:49; 1019; 94; 36.23; 1008.2155078125; 18.1875
2026-07-20; 19:40:49; 1019; 94; 36.2; 1008.24546875; 18.220703125
2026-07-20; 19:41:49; 1038; 97; 36.18; 1008.2216796875; 18.255859375
2026-07-20; 19:42:49; 1038; 97; 36.18; 1008.1853125; 18.3017578125
2026-07-20; 19:43:49; 1050; 99; 36.19; 1008.2296484375; 18.279296875
2026-07-20; 19:44:49; 1060; 100; 36.16; 1008.2261328125; 18.2900390625
2026-07-20; 19:45:49; 1050; 99; 36.13; 1008.2070703125; 18.30078125
2026-07-20; 19:46:49; 1060; 100; 36.14; 1008.222890625; 18.27734375
2026-07-20; 19:47:49; 1050; 99; 36.14; 1008.27984375; 18.30078125
2026-07-20; 19:48:49; 1050; 99; 36.12; 1008.2687109375; 18.3232421875
2026-07-20; 19:49:49; 1050; 99; 36.12; 1008.2766015625; 18.3115234375
2026-07-20; 19:50:50; 1038; 97; 36.09; 1008.257265625; 18.357421875
2026-07-20; 19:51:50; 1038; 97; 36.09; 1008.249296875; 18.333984375
2026-07-20; 19:52:50; 1038; 97; 36.07; 1008.27453125; 18.3681640625
2026-07-20; 19:53:50; 1038; 97; 36.04; 1008.3203515625; 18.4130859375
2026-07-20; 19:54:50; 1019; 94; 36.02; 1008.23140625; 18.423828125
2026-07-20; 19:55:50; 1019; 94; 36.0; 1008.2771484375; 18.4228515625
2026-07-20; 19:56:50; 1038; 97; 36.0; 1008.2566015625; 18.423828125
2026-07-20; 19:57:50; 1038; 97; 35.99; 1008.34671875; 18.4580078125
2026-07-20; 19:58:50; 1038; 97; 35.92; 1008.2433984375; 18.5361328125
2026-07-20; 19:59:50; 1050; 99; 35.91; 1008.2765234375; 18.5126953125
2026-07-20; 20:00:50; 1050; 99; 35.89; 1008.2805859375; 18.55859375
2026-07-20; 20:01:50; 1060; 100; 35.86; 1008.297890625; 18.5576171875
2026-07-20; 20:02:50; 1060; 100; 35.87; 1008.27734375; 18.5458984375
2026-07-20; 20:03:50; 1038; 97; 35.86; 1008.3183984375; 18.591796875
2026-07-20; 20:04:50; 1050; 99; 35.8; 1008.3368359375; 18.63671875
2026-07-20; 20:05:50; 1050; 99; 35.78; 1008.2845703125; 18.6474609375
2026-07-20; 20:06:50; 1050; 99; 35.76; 1008.3018359375; 18.6806640625
2026-07-20; 20:07:50; 1050; 99; 35.74; 1008.2777734375; 18.7041015625
2026-07-20; 20:08:50; 1050; 99; 35.72; 1008.30296875; 18.71484375
2026-07-20; 20:09:50; 1050; 99; 35.72; 1008.3314453125; 18.7265625
2026-07-20; 20:10:50; 1038; 97; 35.73; 1008.2334375; 18.71484375
2026-07-20; 20:11:50; 1038; 97; 35.67; 1008.24390625; 18.7822265625
2026-07-20; 20:12:50; 1038; 97; 35.67; 1008.2802734375; 18.7470703125
2026-07-20; 20:13:50; 1019; 94; 35.67; 1008.24390625; 18.7587890625
2026-07-20; 20:14:50; 1009; 92; 35.61; 1008.3270703125; 18.814453125
2026-07-20; 20:15:50; 1009; 92; 35.59; 1008.2463671875; 18.8369140625
2026-07-20; 20:16:50; 1009; 92; 35.57; 1008.3000390625; 18.859375
2026-07-20; 20:17:50; 1009; 92; 35.55; 1008.23984375; 18.8935546875
2026-07-20; 20:18:50; 1001; 91; 35.53; 1008.3216015625; 18.880859375
2026-07-20; 20:19:50; 1001; 91; 35.54; 1008.3374609375; 18.8701171875
2026-07-20; 20:20:50; 1001; 91; 35.51; 1008.3183203125; 18.9384765625
2026-07-20; 20:21:50; 1001; 91; 35.52; 1008.2978125; 18.916015625
2026-07-20; 20:22:50; 1001; 91; 35.52; 1008.32625; 18.916015625
2026-07-20; 20:23:51; 1009; 92; 35.51; 1008.3183203125; 18.9384765625
2026-07-20; 20:24:51; 1019; 94; 35.49; 1008.2581640625; 18.94921875
2026-07-20; 20:25:51; 1009; 92; 35.48; 1008.2991796875; 18.94921875
2026-07-20; 20:26:51; 1019; 94; 35.46; 1008.3445703125; 18.994140625
2026-07-20; 20:27:51; 1019; 94; 35.46; 1008.3730078125; 19.005859375
2026-07-20; 20:28:51; 1009; 92; 35.43; 1008.333359375; 19.0283203125
2026-07-20; 20:29:51; 1009; 92; 35.42; 1008.3380078125; 19.02734375
2026-07-20; 20:30:51; 1009; 92; 35.4; 1008.3625390625; 19.0380859375
2026-07-20; 20:31:51; 1009; 92; 35.38; 1008.33875; 19.072265625
2026-07-20; 20:32:51; 1019; 94; 35.38; 1008.33875; 19.0615234375
2026-07-20; 20:33:51; 1009; 92; 35.36; 1008.3718359375; 19.072265625
2026-07-20; 20:34:51; 1019; 94; 35.32; 1008.3933984375; 19.12890625
2026-07-20; 20:35:51; 1019; 94; 35.31; 1008.3491015625; 19.1162109375
2026-07-20; 20:36:51; 1038; 97; 35.31; 1008.3491015625; 19.1396484375
2026-07-20; 20:37:51; 1050; 99; 35.31; 1008.320625; 19.1396484375
2026-07-20; 20:38:51; 1038; 97; 35.26; 1008.3468359375; 19.18359375
2026-07-20; 20:39:51; 1038; 97; 35.25; 1008.3673046875; 19.1953125
2026-07-20; 20:40:51; 1038; 97; 35.23; 1008.32765625; 19.2060546875
2026-07-20; 20:41:51; 1019; 94; 35.22; 1008.397109375; 19.228515625
2026-07-20; 20:42:51; 1038; 97; 35.17; 1008.325390625; 19.23828125
2026-07-20; 20:43:51; 1038; 97; 35.17; 1008.402734375; 19.2958984375
2026-07-20; 20:44:51; 1038; 97; 35.13; 1008.40375; 19.3173828125
2026-07-20; 20:45:51; 1050; 99; 35.12; 1008.351484375; 19.3173828125
2026-07-20; 20:46:51; 1038; 97; 35.11; 1008.3356640625; 19.3515625
2026-07-20; 20:47:51; 1050; 99; 35.07; 1008.40171875; 19.384765625
2026-07-20; 20:48:51; 1050; 99; 35.04; 1008.431171875; 19.41796875
2026-07-20; 20:49:51; 1060; 100; 35.03; 1008.386875; 19.453125
2026-07-20; 20:50:51; 1065; 101; 34.99; 1008.4367578125; 19.474609375
2026-07-20; 20:51:51; 1065; 101; 34.96; 1008.446015625; 19.53125
2026-07-20; 20:52:51; 1077; 103; 34.94; 1008.39375; 19.5537109375
2026-07-20; 20:53:51; 1077; 103; 34.92; 1008.4185546875; 19.564453125
2026-07-20; 20:54:51; 1077; 103; 34.89; 1008.4479296875; 19.609375
2026-07-20; 20:55:51; 1077; 103; 34.87; 1008.4525390625; 19.5966796875
2026-07-20; 20:56:51; 1077; 103; 34.85; 1008.4773046875; 19.619140625
2026-07-20; 20:57:51; 1090; 105; 34.82; 1008.494453125; 19.6416015625
2026-07-20; 20:58:51; 1090; 105; 34.81; 1008.5069921875; 19.6650390625
2026-07-20; 20:59:51; 1090; 105; 34.79; 1008.523828125; 19.6982421875
2026-07-20; 21:00:51; 1090; 105; 34.77; 1008.4068359375; 19.744140625
2026-07-20; 21:01:51; 1090; 105; 34.71; 1008.4612890625; 19.7529296875
2026-07-20; 21:02:51; 1099; 106; 34.69; 1008.4783984375; 19.798828125
2026-07-20; 21:03:51; 1099; 106; 34.69; 1008.506796875; 19.810546875
2026-07-20; 21:04:51; 1099; 106; 34.67; 1008.426171875; 19.83203125
2026-07-20; 21:05:52; 1099; 106; 34.65; 1008.4225; 19.83203125
2026-07-20; 21:06:52; 1090; 105; 34.64; 1008.406640625; 19.8427734375
2026-07-20; 21:07:52; 1090; 105; 34.58; 1008.41671875; 19.8984375
2026-07-20; 21:08:52; 1090; 105; 34.55; 1008.49859375; 19.943359375
2026-07-20; 21:09:52; 1090; 105; 34.56; 1008.392890625; 19.955078125
2026-07-20; 21:10:52; 1099; 106; 34.54; 1008.482734375; 19.9775390625
2026-07-20; 21:11:52; 1099; 106; 34.5; 1008.4393359375; 19.9873046875
2026-07-20; 21:12:52; 1110; 108; 34.47; 1008.4848046875; 20.021484375
2026-07-20; 21:13:52; 1099; 106; 34.46; 1008.49734375; 20.0205078125
2026-07-20; 21:14:52; 1099; 106; 34.44; 1008.4857421875; 20.0546875
2026-07-20; 21:15:52; 1099; 106; 34.41; 1008.579765625; 20.076171875
2026-07-20; 21:16:52; 1099; 106; 34.41; 1008.4945703125; 20.111328125
2026-07-20; 21:17:52; 1090; 105; 34.38; 1008.511328125; 20.1103515625
2026-07-20; 21:18:52; 1099; 106; 34.35; 1008.4920703125; 20.1318359375
2026-07-20; 21:19:52; 1099; 106; 34.33; 1008.5455078125; 20.1650390625
2026-07-20; 21:20:52; 1099; 106; 34.32; 1008.5216796875; 20.1767578125
2026-07-20; 21:21:52; 1090; 105; 34.3; 1008.469140625; 20.19921875
2026-07-20; 21:22:52; 1077; 103; 34.27; 1008.4782421875; 20.220703125
2026-07-20; 21:23:52; 1090; 105; 34.24; 1008.4870703125; 20.27734375
2026-07-20; 21:24:52; 1077; 103; 34.2; 1008.5370703125; 20.287109375
2026-07-20; 21:25:52; 1090; 105; 34.19; 1008.5007421875; 20.298828125
2026-07-20; 21:26:52; 1077; 103; 34.16; 1008.5583984375; 20.34375
2026-07-20; 21:27:52; 1077; 103; 34.17; 1008.5458984375; 20.35546875
2026-07-20; 21:28:52; 1077; 103; 34.13; 1008.4902734375; 20.3310546875
2026-07-20; 21:29:52; 1065; 101; 34.14; 1008.5549609375; 20.3662109375
2026-07-20; 21:30:52; 1065; 101; 34.12; 1008.5027734375; 20.365234375
2026-07-20; 21:31:52; 1060; 100; 34.09; 1008.6171484375; 20.4208984375
2026-07-20; 21:32:52; 1060; 100; 34.09; 1008.5683203125; 20.421875
2026-07-20; 21:33:52; 1060; 100; 34.06; 1008.5206640625; 20.443359375
2026-07-20; 21:34:52; 1060; 100; 34.06; 1008.5978515625; 20.455078125
2026-07-20; 21:35:52; 1060; 100; 34.04; 1008.56578125; 20.4775390625
2026-07-20; 21:36:52; 1060; 100; 34.03; 1008.586171875; 20.46484375
2026-07-20; 21:37:52; 1065; 101; 34.0; 1008.538515625; 20.521484375
2026-07-20; 21:38:52; 1060; 100; 33.99; 1008.6361328125; 20.533203125
2026-07-20; 21:39:52; 1060; 100; 33.95; 1008.60859375; 20.54296875
2026-07-20; 21:40:52; 1050; 99; 33.93; 1008.6335546875; 20.5771484375
2026-07-20; 21:41:52; 1060; 100; 33.92; 1008.61765625; 20.576171875
2026-07-20; 21:42:52; 1050; 99; 33.92; 1008.638046875; 20.6103515625
2026-07-20; 21:43:52; 1050; 99; 33.88; 1008.68734375; 20.6318359375
2026-07-20; 21:44:52; 1060; 100; 33.86; 1008.6555859375; 20.642578125
2026-07-20; 21:45:52; 1050; 99; 33.84; 1008.6884765625; 20.6884765625
2026-07-20; 21:46:52; 1060; 100; 33.81; 1008.7255859375; 20.7099609375
2026-07-20; 21:47:52; 1060; 100; 33.82; 1008.798203125; 20.7109375
2026-07-20; 21:48:52; 1060; 100; 33.82; 1008.7902734375; 20.7451171875
2026-07-20; 21:49:53; 1065; 101; 33.81; 1008.78234375; 20.7451171875
2026-07-20; 21:50:53; 1065; 101; 33.8; 1008.8435546875; 20.755859375
2026-07-20; 21:51:53; 1065; 101; 33.75; 1008.83640625; 20.80078125
2026-07-20; 21:52:53; 1065; 101; 33.74; 1008.8488671875; 20.7880859375
2026-07-20; 21:53:53; 1077; 103; 33.72; 1008.8170703125; 20.8564453125
2026-07-20; 21:54:53; 1090; 105; 33.7; 1008.7569140625; 20.84375
2026-07-20; 21:55:53; 1077; 103; 33.69; 1008.76109375; 20.87890625
2026-07-20; 21:56:53; 1090; 105; 33.68; 1008.7815234375; 20.8662109375
2026-07-20; 21:57:53; 1077; 103; 33.68; 1008.8098828125; 20.8662109375
2026-07-20; 21:58:53; 1090; 105; 33.65; 1008.790546875; 20.9228515625
2026-07-20; 21:59:53; 1090; 105; 33.63; 1008.787109375; 20.8984375
2026-07-20; 22:00:53; 1099; 106; 33.61; 1008.832109375; 20.9326171875
2026-07-20; 22:01:53; 1090; 105; 33.59; 1008.8649609375; 21.0009765625
2026-07-20; 22:02:53; 1090; 105; 33.58; 1008.8694921875; 20.9775390625
2026-07-20; 22:03:53; 1099; 106; 33.57; 1008.96703125; 20.98828125
2026-07-20; 22:04:53; 1099; 106; 33.56; 1008.8657421875; 21.0341796875
2026-07-20; 22:05:53; 1099; 106; 33.56; 1008.8941015625; 21.0107421875
2026-07-20; 22:06:53; 1099; 106; 33.52; 1008.8667578125; 21.044921875
2026-07-20; 22:07:53; 1099; 106; 33.52; 1008.972265625; 21.0556640625
2026-07-20; 22:08:53; 1110; 108; 33.52; 1008.9438671875; 21.0439453125
2026-07-20; 22:09:53; 1110; 108; 33.47; 1008.936640625; 21.1005859375
2026-07-20; 22:10:53; 1110; 108; 33.48; 1008.92421875; 21.1005859375
2026-07-20; 22:11:53; 1110; 108; 33.48; 1009.001328125; 21.123046875
2026-07-20; 22:12:53; 1122; 109; 33.45; 1008.95359375; 21.1337890625
2026-07-20; 22:13:53; 1110; 108; 33.43; 1009.0068359375; 21.1669921875
2026-07-20; 22:14:53; 1099; 106; 33.43; 1008.9297265625; 21.16796875
2026-07-20; 22:15:53; 1122; 109; 33.42; 1009.018984375; 21.189453125
2026-07-20; 22:16:53; 1110; 108; 33.39; 1009.0358984375; 21.2236328125
2026-07-20; 22:17:53; 1122; 109; 33.38; 1009.0684375; 21.22265625
2026-07-20; 22:18:53; 1110; 108; 33.36; 1008.9878515625; 21.2333984375
2026-07-20; 22:19:53; 1110; 108; 33.36; 1009.0162109375; 21.2451171875
2026-07-20; 22:20:53; 1110; 108; 33.36; 1009.0933203125; 21.291015625
2026-07-20; 22:21:53; 1110; 108; 33.33; 1009.158671875; 21.2900390625
2026-07-20; 22:22:53; 1110; 108; 33.33; 1009.13828125; 21.2548828125
2026-07-20; 22:23:53; 1110; 108; 33.32; 1009.0576953125; 21.32421875
2026-07-20; 22:24:53; 1122; 109; 33.3; 1009.1188671875; 21.3232421875
2026-07-20; 22:25:53; 1122; 109; 33.28; 1009.107109375; 21.3681640625
2026-07-20; 22:26:53; 1122; 109; 33.29; 1009.095; 21.357421875
2026-07-20; 22:27:53; 1122; 109; 33.26; 1009.1115625; 21.3681640625
2026-07-20; 22:28:53; 1110; 108; 33.26; 1009.0832421875; 21.37890625
2026-07-20; 22:29:53; 1110; 108; 33.25; 1009.0876953125; 21.3671875
2026-07-20; 22:30:53; 1110; 108; 33.24; 1009.128515625; 21.4130859375
2026-07-20; 22:31:53; 1122; 109; 33.21; 1009.0600390625; 21.4111328125
2026-07-20; 22:32:54; 1122; 109; 33.21; 1009.0963671875; 21.412109375
2026-07-20; 22:33:54; 1110; 108; 33.2; 1009.1371484375; 21.4228515625
2026-07-20; 22:34:54; 1110; 108; 33.18; 1009.076953125; 21.421875
2026-07-20; 22:35:54; 1110; 108; 33.18; 1009.076953125; 21.4560546875
2026-07-20; 22:36:54; 1110; 108; 33.18; 1009.1540234375; 21.4794921875
2026-07-20; 22:37:54; 1110; 108; 33.17; 1009.109765625; 21.4677734375
2026-07-20; 22:38:54; 1110; 108; 33.16; 1009.1221875; 21.478515625
2026-07-20; 22:39:54; 1122; 109; 33.15; 1009.1142578125; 21.501953125
2026-07-20; 22:40:54; 1110; 108; 33.13; 1009.074140625; 21.53515625
2026-07-20; 22:41:54; 1110; 108; 33.1; 1009.02640625; 21.544921875
2026-07-20; 22:42:54; 1110; 108; 33.08; 1009.115859375; 21.5791015625
2026-07-20; 22:43:54; 1110; 108; 33.09; 1009.0955078125; 21.5673828125
2026-07-20; 22:44:54; 1110; 108; 33.06; 1009.132421875; 21.58984375
2026-07-20; 22:45:54; 1110; 108; 33.05; 1009.039453125; 21.6005859375
2026-07-20; 22:46:54; 1110; 108; 33.05; 1009.0961328125; 21.5888671875
2026-07-20; 22:47:54; 1110; 108; 33.04; 1009.12890625; 21.623046875
2026-07-20; 22:48:54; 1099; 106; 33.04; 1009.0235546875; 21.611328125
2026-07-20; 22:49:54; 1110; 108; 33.02; 1009.1333984375; 21.6455078125
2026-07-20; 22:50:54; 1110; 108; 33.01; 1009.1458203125; 21.66796875
2026-07-20; 22:51:54; 1110; 108; 33.01; 1009.10921875; 21.65625
2026-07-20; 22:52:54; 1099; 106; 33.0; 1009.1295703125; 21.6796875
2026-07-20; 22:53:54; 1099; 106; 32.98; 1009.2030859375; 21.701171875
2026-07-20; 22:54:54; 1099; 106; 32.96; 1009.1712890625; 21.7119140625
2026-07-20; 22:55:54; 1099; 106; 32.95; 1009.12703125; 21.7109375
2026-07-20; 22:56:54; 1099; 106; 32.92; 1009.171875; 21.744140625
2026-07-20; 22:57:54; 1099; 106; 32.92; 1009.2365234375; 21.7685546875
2026-07-20; 22:58:54; 1099; 106; 32.92; 1009.2365234375; 21.7685546875
2026-07-20; 22:59:54; 1099; 106; 32.89; 1009.2170703125; 21.7900390625
2026-07-20; 23:00:54; 1099; 106; 32.88; 1009.2215234375; 21.8232421875
2026-07-20; 23:01:54; 1099; 106; 32.87; 1009.176953125; 21.8466796875
2026-07-20; 23:02:54; 1090; 105; 32.86; 1009.253984375; 21.8115234375
2026-07-20; 23:03:54; 1090; 105; 32.86; 1009.2256640625; 21.833984375
2026-07-20; 23:04:54; 1099; 106; 32.86; 1009.246015625; 21.845703125
2026-07-20; 23:05:54; 1090; 105; 32.87; 1009.2985546875; 21.8466796875
2026-07-20; 23:06:54; 1090; 105; 32.85; 1009.26609375; 21.8681640625
2026-07-20; 23:07:54; 1099; 106; 32.82; 1009.3316015625; 21.890625
2026-07-20; 23:08:54; 1090; 105; 32.82; 1009.2953125; 21.9013671875
2026-07-20; 23:09:54; 1099; 106; 32.8; 1009.2428125; 21.9013671875
2026-07-20; 23:10:54; 1090; 105; 32.78; 1009.239296875; 21.9345703125
2026-07-20; 23:11:54; 1090; 105; 32.8; 1009.2631640625; 21.912109375
2026-07-20; 23:12:54; 1090; 105; 32.8; 1009.2631640625; 21.912109375
2026-07-20; 23:13:54; 1090; 105; 32.76; 1009.2641015625; 21.9453125
2026-07-20; 23:14:54; 1090; 105; 32.75; 1009.2481640625; 21.9794921875
2026-07-20; 23:15:55; 1090; 105; 32.79; 1009.311875; 21.9462890625
2026-07-20; 23:16:55; 1090; 105; 32.76; 1009.2923828125; 21.9677734375
2026-07-20; 23:17:55; 1090; 105; 32.75; 1009.2968359375; 22.001953125
2026-07-20; 23:18:55; 1090; 105; 32.72; 1009.2487109375; 22.0234375
2026-07-20; 23:19:55; 1077; 103; 32.72; 1009.2770703125; 22.03515625
2026-07-20; 23:20:55; 1077; 103; 32.7; 1009.2531640625; 22.0576171875
2026-07-20; 23:21:55; 1077; 103; 32.69; 1009.342578125; 22.080078125
2026-07-20; 23:22:55; 1077; 103; 32.69; 1009.2859375; 22.068359375
2026-07-20; 23:23:55; 1090; 105; 32.68; 1009.2983203125; 22.0908203125
2026-07-20; 23:24:55; 1077; 103; 32.67; 1009.2903125; 22.0791015625
2026-07-20; 23:25:55; 1077; 103; 32.67; 1009.2903125; 22.0908203125
2026-07-20; 23:26:55; 1077; 103; 32.65; 1009.31484375; 22.1474609375
2026-07-20; 23:27:55; 1065; 101; 32.63; 1009.3112890625; 22.158203125
2026-07-20; 23:28:55; 1077; 103; 32.64; 1009.3555078125; 22.146484375
2026-07-20; 23:29:55; 1065; 101; 32.61; 1009.307734375; 22.1689453125
